qmof_id,split,bandgap,n_atoms,n_edges_4p5,perm_rank
qmof-fb5bb0e,train,3.541295,212,3574,0
qmof-790e2d4,train,2.957105,92,1523,1
qmof-7daffde,val,0.923976,106,1135,2
qmof-42b2d04,test,2.01922,144,2612,3
qmof-8d641bc,train,4.667139,120,2044,4
qmof-a7f487c,train,0.734705,48,638,5
qmof-9b2e1cd,train,3.457032,44,542,6
qmof-b0cdfb9,train,3.1613,72,1354,7
qmof-02d78c0,train,2.663416,120,1926,8
qmof-f8e972c,train,2.111931,108,1732,9
qmof-a862f97,train,0.827331,90,1333,10
qmof-7db6d11,train,1.747237,40,533,11
qmof-b262dd5,train,3.852854,124,1944,12
qmof-a50a6c8,val,3.258964,336,5292,13
qmof-2725b3d,train,3.6032,30,367,14
qmof-473d2b6,test,2.259689,90,1673,15
qmof-896e1e1,train,1.99679,80,1031,16
qmof-afcc0ad,train,0.930553,201,3191,17
qmof-17b2b67,train,1.948966,48,663,18
qmof-9a10dde,test,2.042721,54,1020,19
qmof-8666fd2,test,3.905893,50,803,20
qmof-552976d,train,2.607943,146,1472,21
qmof-fa3b974,train,1.218287,136,1557,22
qmof-8057166,train,2.128581,80,1129,23
qmof-98d06b7,train,1.957591,148,1322,24
qmof-77d7928,train,2.757174,94,1712,25
qmof-c42c24d,train,1.364601,34,447,26
qmof-307d2e1,train,2.772943,258,3086,27
qmof-11ed3e0,train,3.696127,88,1354,28
qmof-a95c660,test,4.424631,76,1302,29
qmof-9e9f1d7,val,1.904114,37,375,30
qmof-8fbc5fe,test,4.48439,88,1674,31
qmof-160fa0f,train,2.364225,56,879,32
qmof-cfe9c1c,train,3.128138,64,988,33
qmof-992689e,train,0.21593,270,4574,34
qmof-4c83681,train,1.566003,170,1298,35
qmof-15bd34b,train,2.290798,86,588,36
qmof-f322f66,train,2.401594,224,3534,37
qmof-18fb46a,train,1.5621,222,2009,38
qmof-2f9c233,val,1.443221,116,1341,39
qmof-57618be,train,2.809582,40,426,40
qmof-11c9682,train,3.047007,74,734,41
qmof-d15583a,train,0.887393,180,2026,42
qmof-55409e0,train,1.706083,124,2170,43
qmof-89074e9,train,3.229442,88,1665,44
qmof-09cb520,train,2.325846,100,1871,45
qmof-173ac53,val,0.852139,256,4341,46
qmof-83b2e7a,test,2.058135,92,1556,47
qmof-222fb1a,test,0.640484,86,1312,48
qmof-cae97a0,train,1.829254,130,2415,49
qmof-525ab7b,train,2.042823,44,385,50
qmof-59dd9f5,train,2.136465,115,1799,51
qmof-6d32b28,train,1.178751,50,560,52
qmof-94dd3be,train,2.934952,66,980,53
qmof-37eedc4,val,2.442358,114,2218,54
qmof-1ff90d0,test,0.675148,70,990,55
qmof-6e76548,train,2.667021,134,2324,56
qmof-37143ed,train,2.900608,82,1361,57
qmof-fcd5c86,train,1.744832,124,1484,58
qmof-082c84f,train,1.108558,34,342,59
qmof-f91c67c,train,1.324702,120,928,60
qmof-01be788,val,2.415545,50,338,61
qmof-e052331,train,2.41,40,418,62
qmof-585345f,train,3.196083,140,2729,63
qmof-ed90b66,train,1.82205,68,1377,64
qmof-575e040,train,2.472576,174,1709,65
qmof-56e3289,val,0.926124,69,944,66
qmof-3415203,train,0.881478,148,2756,67
qmof-a1fb394,train,0.84642,276,5358,68
qmof-8742974,train,0.860771,108,1976,69
qmof-5ef05bd,train,1.394974,74,671,70
qmof-9dd776e,train,1.965851,46,559,71
qmof-3afda5a,train,3.099785,96,1648,72
qmof-120421d,train,1.62646,57,548,73
qmof-3bc58f6,test,3.236902,88,1545,74
qmof-f4e3aa0,val,4.622519,110,1520,75
qmof-1c40391,train,2.821352,132,2470,76
qmof-16a389f,train,3.21728,133,2390,77
qmof-e5d8a5b,train,1.60386,150,2459,78
qmof-3bdfb25,train,0.716022,94,1764,79
qmof-f8c8bd4,train,4.955013,60,692,80
qmof-aec43f9,train,2.423534,120,2176,81
qmof-bc36f56,train,2.839795,120,1664,82
qmof-3fbde32,train,2.120466,48,600,83
qmof-cbe9910,train,1.77805,224,3400,84
qmof-31ff996,train,3.491232,136,2534,85
qmof-f005fae,train,2.557012,112,1660,86
qmof-e2ec095,test,4.625935,38,618,87
qmof-f51bd53,train,3.103762,62,968,88
qmof-c9ad215,train,3.074706,136,2132,89
qmof-94a607c,train,3.136955,112,1954,90
qmof-9fb5671,val,3.292314,92,1250,91
qmof-4f9c014,train,0.955739,94,1068,92
qmof-6cb393a,train,2.230546,76,680,93
qmof-e4ea8a1,test,3.030328,66,846,94
qmof-52782af,test,2.479414,96,1558,95
qmof-f5b36f7,train,2.368683,46,356,96
qmof-7682d7e,train,1.582604,188,2340,97
qmof-24e316a,val,0.406947,45,465,98
qmof-e682f17,train,0.605028,46,670,99
qmof-650269a,test,0.944439,104,1772,100
qmof-d69465b,val,0.191904,68,1372,101
qmof-a146fa2,val,2.366423,60,911,102
qmof-d135d88,train,4.416132,100,1958,103
qmof-59b517c,train,0.985943,78,1228,104
qmof-e7522cf,train,1.187976,116,2092,105
qmof-ea1d5fa,train,3.117002,120,1506,106
qmof-aa9c063,val,2.623083,44,590,107
qmof-ea5cbd0,train,0.74329,57,773,108
qmof-d5e7f66,train,3.972305,100,1568,109
qmof-6bd80b9,train,0.935695,92,1640,110
qmof-a0b6754,train,3.569374,100,1678,111
qmof-3eee18d,train,2.82726,81,912,112
qmof-95de001,val,0.678118,116,2030,113
qmof-e5c7eaf,test,2.172899,78,1315,114
qmof-48b2ade,train,0.844327,68,779,115
qmof-63ecc9e,train,1.796716,122,1188,116
qmof-89882f7,test,2.814579,276,3240,117
qmof-c6f48da,test,2.806315,64,1174,118
qmof-1a63b73,val,2.712235,160,2662,119
qmof-ee8825a,train,2.114691,320,3148,120
qmof-a7663ca,train,2.774131,90,1338,121
qmof-4454b13,train,1.280662,176,2592,122
qmof-6247dea,train,0.90486,136,1688,123
qmof-c07765b,train,1.949225,92,675,124
qmof-3fa90d2,train,1.716715,244,1801,125
qmof-932ec8e,train,0.456345,93,1170,126
qmof-788acd1,val,3.754969,36,320,127
qmof-1bee1f0,test,0.847768,140,1476,128
qmof-f53594c,train,0.660385,232,3910,129
qmof-5da988a,test,2.721877,86,1487,130
qmof-8ec9f3b,train,0.505948,288,3794,131
qmof-e7ec47b,test,0.912291,60,875,132
qmof-a83c999,val,3.110825,136,2426,133
qmof-00744ff,train,1.240161,84,1544,134
qmof-d3bbe4b,train,2.066462,136,1654,135
qmof-98ca63c,train,2.388333,116,2180,136
qmof-80ff2f8,train,1.489533,60,1007,137
qmof-d12d0a0,train,0.397374,180,3426,138
qmof-180ad30,test,1.801093,68,636,139
qmof-d3ac615,test,2.375627,220,2322,140
qmof-a3fe9b5,train,3.895023,108,2152,141
qmof-06ddc1e,train,1.659576,61,1070,142
qmof-ef011df,train,1.721655,177,3097,143
qmof-dc0e96c,train,0.34942,120,1176,144
qmof-e4633f0,train,0.894258,168,2282,145
qmof-a4114e9,train,0.760797,100,1052,146
qmof-eda34e0,train,1.127344,200,2736,147
qmof-461e88d,train,0.317199,47,535,148
qmof-c2746f0,val,0.485191,78,1616,149
qmof-f8203a5,val,1.423414,252,3636,150
qmof-89ff3ab,train,2.944723,216,3824,151
qmof-92dca89,train,1.888037,114,1053,152
qmof-276c5e9,train,1.717855,124,2088,153
qmof-6eddd11,val,2.776018,110,1933,154
qmof-6e0dd49,train,1.990991,84,1517,155
qmof-a5a3523,train,0.93336,178,2628,156
qmof-e917997,train,2.124682,50,412,157
qmof-3318002,train,3.0024,98,1815,158
qmof-2a278e1,train,2.886829,52,626,159
qmof-deb5a1f,train,0.73258,100,1748,160
qmof-af77375,train,2.600963,56,857,161
qmof-a3be11a,test,1.959277,85,731,162
qmof-c109a09,test,0.869745,26,213,163
qmof-23746fb,test,0.086378,66,556,164
qmof-3c78578,train,2.902705,128,2324,165
qmof-c1292a3,train,1.827401,112,2044,166
qmof-fb7aab9,train,3.821561,104,1572,167
qmof-5ed9aed,train,1.978104,120,2157,168
qmof-bdc796a,train,0.96928,156,1741,169
qmof-af9803a,test,0.105007,312,4340,170
qmof-20fc58e,train,2.2743,110,2018,171
qmof-6dc78ec,val,1.167115,52,652,172
qmof-961130e,train,2.16264,108,1788,173
qmof-cc15248,train,2.340606,98,1848,174
qmof-830caa3,train,0.439979,328,4336,175
qmof-dfb9982,train,2.409352,72,670,176
qmof-82d634f,train,1.726689,132,1770,177
qmof-fea5997,val,2.53037,45,447,178
qmof-0e64acd,train,0.448966,200,2372,179
qmof-6b8226a,test,2.981326,98,1255,180
qmof-f0cfb06,train,1.425897,158,1641,181
qmof-a03d729,train,2.17895,102,1995,182
qmof-11abec0,train,2.910139,63,1084,183
qmof-14a36ed,train,1.106525,50,625,184
qmof-8efa557,train,2.061804,136,1582,185
qmof-ef4a02d,train,1.981317,92,675,186
qmof-f06ce2a,train,2.218498,96,1811,187
qmof-7044cf9,train,2.451614,132,1246,188
qmof-42b6f78,train,1.331938,264,4588,189
qmof-1b3e3c5,train,0.921609,52,520,190
qmof-78b018b,test,2.719056,66,1213,191
qmof-167d2f5,train,1.653952,44,396,192
qmof-8580f8b,test,3.138494,52,736,193
qmof-db849d6,train,4.434206,80,1218,194
qmof-e5bda14,train,1.36599,276,4464,195
qmof-8b06d36,val,0.717019,112,1950,196
qmof-2ac9dab,train,0.179301,297,5431,197
qmof-05dd4c4,train,1.635013,34,512,198
qmof-cd21dc4,train,2.208498,76,1033,199
qmof-1d2c247,train,2.787795,100,1343,200
qmof-3f7f897,train,3.809802,76,1343,201
qmof-f2ddafc,train,0.048759,52,792,202
qmof-6d36b89,test,0.782876,48,372,203
qmof-c29c8aa,train,1.627651,146,1900,204
qmof-3af121f,train,1.090096,96,1747,205
qmof-07ecb86,train,4.281252,72,1457,206
qmof-a372b4b,train,0.33166,180,1646,207
qmof-ba5af2f,train,3.283646,72,1241,208
qmof-1195366,train,0.949743,86,1485,209
qmof-96bfe65,train,0.929242,86,1093,210
qmof-66c96d5,train,3.295359,132,1812,211
qmof-77f73c0,train,0.241363,330,5622,212
qmof-d65fd56,val,3.052308,96,1733,213
qmof-e1b18f7,train,1.911055,218,1882,214
qmof-ddfec84,train,2.399125,244,1832,215
qmof-89836c6,train,0.712383,116,1198,216
qmof-b4e619a,train,1.540699,52,662,217
qmof-2522081,val,1.909453,110,1636,218
qmof-2f39bbb,test,3.192614,84,1531,219
qmof-3d63cef,train,1.934129,70,896,220
qmof-5fea5b6,test,3.043893,64,1032,221
qmof-95ec286,test,2.419316,40,309,222
qmof-6601f16,train,2.971483,64,812,223
qmof-b6e28ab,train,2.600421,136,2205,224
qmof-b1105ea,train,2.863915,112,1945,225
qmof-a0ce352,train,2.267359,122,2021,226
qmof-12b0750,train,0.944487,100,1848,227
qmof-05cb0f7,train,2.751532,48,716,228
qmof-f8f4d0e,train,4.341149,140,1696,229
qmof-5efd25c,train,0.859375,68,1218,230
qmof-67a28c5,train,1.868997,408,6056,231
qmof-47c79cf,val,3.14697,112,1820,232
qmof-39c37e1,val,1.176156,98,1038,233
qmof-8957a59,train,2.131168,64,490,234
qmof-b121520,train,5.097994,80,1464,235
qmof-b4606cd,train,2.071724,110,2068,236
qmof-b981b73,train,1.061877,116,1960,237
qmof-9931f8f,train,0.905463,100,1153,238
qmof-99293e5,train,3.674983,76,1190,239
qmof-5ad197c,train,2.655213,72,1007,240
qmof-4d1cebd,test,1.533592,132,1363,241
qmof-71d974d,train,1.796267,224,3254,242
qmof-c8d887d,val,2.115216,74,1192,243
qmof-cd300b3,test,2.651053,320,4504,244
qmof-cd82297,val,0.825716,142,2078,245
qmof-92cdfe5,train,2.360138,56,703,246
qmof-57bbdbb,train,1.499354,56,696,247
qmof-a2e17c9,train,0.660131,76,1325,248
qmof-ae1a15f,train,1.025445,75,1148,249
qmof-4c7b8e3,train,0.690907,134,1443,250
qmof-c63dd25,train,2.471031,132,1578,251
qmof-1925626,val,2.4997,304,5016,252
qmof-94657de,train,2.231997,364,3306,253
qmof-a1a5849,test,0.105927,50,499,254
qmof-25fb70b,test,3.116185,62,646,255
qmof-5ef5474,test,0.587527,80,717,256
qmof-052455d,val,3.27356,136,2436,257
qmof-77116df,train,0.645995,124,1632,258
qmof-8562d9a,train,2.441831,244,4224,259
qmof-23e95ee,train,0.317294,272,4880,260
qmof-15b209e,train,1.513445,184,1752,261
qmof-a756e86,train,1.953486,60,1006,262
qmof-def2f62,train,0.719312,78,1300,263
qmof-377088f,train,0.288718,190,1867,264
qmof-a2ee661,train,2.692439,147,1226,265
qmof-6b0c002,val,1.545616,77,1284,266
qmof-ac6e3d6,train,3.282221,73,1267,267
qmof-b2fbb84,train,3.333809,98,1736,268
qmof-ee62841,val,2.059732,192,2216,269
qmof-5cb65f0,train,2.142204,88,1430,270
qmof-28f0c4f,train,2.096171,146,2529,271
qmof-0d3e953,train,2.834093,152,2412,272
qmof-a487143,train,1.33809,386,6282,273
qmof-f3d5d89,train,2.378745,50,592,274
qmof-349a88c,test,4.327125,76,1276,275
qmof-ba096cf,train,2.415334,78,1291,276
qmof-d5ed188,val,0.69523,74,1208,277
qmof-4f2ea18,val,2.999804,128,2344,278
qmof-0a8808d,train,3.083983,114,1675,279
qmof-c218ed4,train,2.844556,114,1958,280
qmof-6203c87,val,2.40632,110,1848,281
qmof-e819917,train,0.427943,104,1652,282
qmof-8de0c10,train,2.567156,125,1411,283
qmof-6c4ef07,val,2.592245,42,392,284
qmof-dbf0b69,train,1.222639,74,1087,285
qmof-40f119f,test,0.506677,17,136,286
qmof-f030a85,test,1.971362,90,854,287
qmof-9adcf1a,test,1.023069,53,864,288
qmof-8205831,train,2.02746,120,1820,289
qmof-ddb13bd,train,2.597994,132,2086,290
qmof-250c0b6,val,2.880897,110,1968,291
qmof-76e5572,test,2.253083,38,500,292
qmof-30fc825,test,2.98191,96,1558,293
qmof-b544b11,test,0.893736,72,724,294
qmof-aeb27bc,train,0.40473,264,3894,295
qmof-248b9a0,train,0.848916,102,2112,296
qmof-9aedda6,train,2.741131,76,1110,297
qmof-421c2b7,train,1.240232,58,702,298
qmof-40dcc0d,test,2.673449,128,2399,299
qmof-326f778,train,3.016913,80,1078,300
qmof-88b90c9,train,0.923536,76,1485,301
qmof-43dde62,train,2.681388,86,1530,302
qmof-4e43c11,train,1.979858,180,3058,303
qmof-f0d2335,train,0.298628,230,3647,304
qmof-2f6a6a9,test,1.945912,276,3656,305
qmof-af3f09a,train,2.75799,108,1134,306
qmof-7754334,train,0.776027,71,995,307
qmof-e8fa064,test,1.684289,128,1684,308
qmof-2cd344e,test,3.261487,140,2300,309
qmof-7bbf934,train,1.938942,308,4360,310
qmof-9f71903,test,2.500987,212,1428,311
qmof-37e4d9d,train,4.760334,24,215,312
qmof-7955c68,train,1.267963,182,3022,313
qmof-55cab56,val,1.654545,86,1496,314
qmof-06bf898,val,4.251804,54,683,315
qmof-61a6529,train,2.715111,136,2456,316
qmof-fa666a1,train,1.77707,98,986,317
qmof-6660b5e,train,4.161219,79,1454,318
qmof-2517368,val,3.26259,130,1926,319
qmof-2773211,val,5.480557,82,1356,320
qmof-a4003e1,val,2.076769,108,1712,321
qmof-8470cd1,test,3.303612,54,925,322
qmof-3a8fabc,train,0.313655,32,394,323
qmof-ea9f5eb,train,0.88266,156,1906,324
qmof-cb5b23e,train,0.525967,172,1456,325
qmof-050c6ef,train,0.948495,71,922,326
qmof-17a2f2b,val,0.371968,62,954,327
qmof-f65c85b,train,2.889712,76,1248,328
qmof-14efc5e,val,1.363957,116,1387,329
qmof-bd3dde7,test,0.898844,100,1362,330
qmof-cd3310b,train,1.16159,54,695,331
qmof-369262d,train,0.891005,88,793,332
qmof-571d405,train,0.965399,174,1395,333
qmof-617a25d,test,1.502584,94,733,334
qmof-92702e7,test,1.885077,106,2022,335
qmof-b4d71b5,train,3.415494,116,1598,336
qmof-f61d5ce,train,3.385544,72,772,337
qmof-156cc42,train,0.419286,31,251,338
qmof-4cc90a1,test,2.293507,104,1852,339
qmof-dde499b,val,2.428966,80,1658,340
qmof-0aea5e3,train,0.457199,39,551,341
qmof-27e7e43,val,2.772512,106,1740,342
qmof-6fbe47e,train,2.294265,76,1345,343
qmof-f258d2d,train,2.807008,140,2484,344
qmof-c95a6c5,train,2.287591,60,756,345
qmof-fda4509,train,0.67613,70,1320,346
qmof-469075b,train,0.897875,54,726,347
qmof-3ff7d04,train,2.242264,79,734,348
qmof-480b093,test,2.197351,72,1290,349
qmof-804a983,train,2.355874,60,610,350
qmof-c7df685,test,2.28929,154,1054,351
qmof-5ded542,train,2.827939,132,2450,352
qmof-798695d,train,3.363258,192,2910,353
qmof-0811e53,train,1.545281,86,618,354
qmof-80852fd,train,0.880575,124,1652,355
qmof-0efcdca,val,2.608793,164,2078,356
qmof-67efbe9,test,1.682088,96,1122,357
qmof-bdc19f7,train,1.95673,122,1758,358
qmof-ebf0dd7,train,1.868931,100,857,359
qmof-c620f0b,train,2.560104,136,1312,360
qmof-8161acf,train,2.951351,216,3738,361
qmof-07d6987,train,1.56702,152,1454,362
qmof-e0e4dbd,train,3.066197,150,3178,363
qmof-314722e,train,3.019351,140,2664,364
qmof-7dbd529,train,1.23822,140,1208,365
qmof-be1b43d,train,0.545809,138,1408,366
qmof-0ff3088,train,3.952487,96,1598,367
qmof-45e1a1c,train,2.915052,50,342,368
qmof-51c3a9d,train,2.762071,128,2420,369
qmof-f23d0c7,train,2.876849,106,1919,370
qmof-0122bb1,val,0.979539,58,613,371
qmof-0d83e98,train,3.109038,176,2896,372
qmof-6f20050,train,4.338207,44,654,373
qmof-88501dc,train,2.684763,74,1297,374
qmof-9968ce6,train,3.02845,204,3048,375
qmof-6c0ffdd,train,1.306262,114,1896,376
qmof-56ace0f,train,4.594761,84,1528,377
qmof-b441094,train,2.091878,102,1856,378
qmof-ff6a634,train,2.207042,114,2415,379
qmof-99887b0,train,3.498606,240,2930,380
qmof-bea7cab,train,2.883779,41,664,381
qmof-d64d83c,train,0.654785,38,463,382
qmof-13fcfdd,train,2.922846,292,4262,383
qmof-c26be66,train,4.586581,68,1130,384
qmof-07b2619,train,2.597987,151,1874,385
qmof-ae979f1,val,1.158143,156,1716,386
qmof-dc6062c,train,2.865331,124,1996,387
qmof-0496546,train,1.272659,244,1739,388
qmof-d8224dc,train,0.97771,188,2332,389
qmof-1959299,val,0.487428,68,650,390
qmof-9bca83d,train,1.413217,32,334,391
qmof-a91d4fe,train,2.297843,68,597,392
qmof-1b95eee,val,2.520609,90,836,393
qmof-a2a082e,train,1.044258,78,1054,394
qmof-4d08885,train,3.925178,90,1482,395
qmof-3e37e5a,train,1.970333,64,951,396
qmof-700998f,train,1.74759,112,1672,397
qmof-13f8e19,train,1.030743,64,742,398
qmof-e392a20,train,3.079833,124,1894,399
qmof-43b545f,test,3.538458,46,724,400
qmof-c60bf32,train,2.390864,138,2441,401
qmof-1678991,train,2.523913,192,2236,402
qmof-cfb4f79,train,2.55482,94,1640,403
qmof-b8f7e2b,train,1.487836,244,1820,404
qmof-bcf23d1,val,4.603573,25,300,405
qmof-f41b6c6,train,1.883323,134,2286,406
qmof-50395c8,train,0.450128,33,384,407
qmof-6beca2a,train,0.045544,90,1563,408
qmof-83d549d,train,3.432491,84,1574,409
qmof-df94cde,train,3.383674,86,1533,410
qmof-0ac7a64,test,0.384499,120,1307,411
qmof-7ee5feb,train,2.724423,156,2522,412
qmof-a5d6bc4,val,4.649459,104,1536,413
qmof-08e1896,train,4.201682,50,562,414
qmof-fc3bd04,val,0.683013,312,4256,415
qmof-d11fc4e,train,2.399336,244,1817,416
qmof-9f3f1aa,train,0.786092,62,1092,417
qmof-459525d,train,1.272878,94,1442,418
qmof-dc83d41,test,3.370695,102,1898,419
qmof-509fede,train,3.392625,52,638,420
qmof-6518f6f,train,0.673798,84,1391,421
qmof-aab2608,train,1.225169,180,1773,422
qmof-0aed152,train,2.170729,84,1294,423
qmof-363cd17,val,0.701777,248,3896,424
qmof-dda1cb2,train,1.178076,110,1090,425
qmof-1e71e12,train,1.688453,106,1080,426
qmof-957ace9,train,0.425647,120,1839,427
qmof-c0c714d,train,3.144494,68,808,428
qmof-a4bb04b,train,1.609087,71,1346,429
qmof-d329f49,test,0.833908,92,1836,430
qmof-8f34360,train,3.186783,52,875,431
qmof-4a20393,train,3.011925,144,2210,432
qmof-e8f3744,train,3.765936,74,1154,433
qmof-c98e6d4,val,0.966157,81,1318,434
qmof-177ecfa,train,0.991744,56,506,435
qmof-0f3bfc7,test,2.274655,68,704,436
qmof-df6a8cc,test,1.287999,140,1450,437
qmof-e5b5d92,test,2.570297,144,2848,438
qmof-c259721,train,4.401994,66,968,439
qmof-64da900,train,2.310723,178,1698,440
qmof-1912143,train,2.623711,85,1464,441
qmof-c304ffc,train,3.749552,46,800,442
qmof-dc4d4b4,train,2.662917,92,1743,443
qmof-9956c49,test,2.331758,132,2511,444
qmof-d4c1cf1,val,1.241435,72,1190,445
qmof-7cd9ebc,train,0.469312,392,4768,446
qmof-2c1ce1f,train,2.472335,72,1255,447
qmof-9ffff52,train,0.769054,138,2652,448
qmof-c136b83,train,0.932156,96,1568,449
qmof-1847c21,train,1.923771,130,1444,450
qmof-ef66c69,val,1.730429,78,1130,451
qmof-9ea6844,test,0.552219,46,399,452
qmof-cea07ef,train,1.853504,70,987,453
qmof-4be7f74,train,1.216001,44,532,454
qmof-16de531,train,1.957942,60,694,455
qmof-4db3325,train,1.577943,38,384,456
qmof-33b0cbe,train,1.045545,92,789,457
qmof-3a00320,val,2.664142,140,2586,458
qmof-40b16c5,test,1.851619,46,683,459
qmof-e628246,train,1.039433,90,1790,460
qmof-a299c07,train,1.936674,54,921,461
qmof-3b46920,val,2.632432,72,608,462
qmof-a68826c,train,0.21336,130,2402,463
qmof-20119ca,val,1.632561,112,989,464
qmof-cf1e4d0,train,4.133394,48,665,465
qmof-55091f7,train,0.815503,99,1999,466
qmof-5797324,train,0.503301,180,1606,467
qmof-05f5f6e,val,0.963997,52,526,468
qmof-6182d5e,test,2.153362,348,4676,469
qmof-107ed0f,train,2.38511,416,6188,470
qmof-4d114b5,train,2.376933,168,2156,471
qmof-2bf6c21,train,1.131065,77,640,472
qmof-7321cb2,train,1.809597,62,682,473
qmof-43264a9,train,3.566452,72,1278,474
qmof-79fbfe6,train,2.830018,71,1287,475
qmof-5964493,train,1.038262,86,1040,476
qmof-d0ce9c9,train,2.480346,110,1868,477
qmof-99ac7ac,train,4.300772,144,2318,478
qmof-8b24d73,train,2.131687,74,1275,479
qmof-5c1c773,train,2.195493,144,2294,480
qmof-8b6046e,val,0.20823,276,3828,481
qmof-e6895cb,train,2.923143,72,1010,482
qmof-4dc80e6,train,3.308948,100,1698,483
qmof-a831c79,train,4.064282,248,3568,484
qmof-4b12f48,val,0.957858,63,1072,485
qmof-e4c44a2,train,4.314953,52,514,486
qmof-f92e9aa,train,2.113675,102,1702,487
qmof-6115da4,val,3.407497,60,636,488
qmof-46a34bc,test,2.471511,62,1128,489
qmof-72050a0,train,2.099065,88,1479,490
qmof-010dd4a,train,2.19978,50,784,491
qmof-46c15b7,test,2.29953,118,1196,492
qmof-003f026,train,1.016745,88,1400,493
qmof-70ea512,train,2.763453,146,2652,494
qmof-90fd6f6,val,0.679958,78,1371,495
qmof-d08673d,test,0.835477,126,2045,496
qmof-6d59eab,train,1.986905,50,439,497
qmof-5c05a68,train,2.663031,132,2344,498
qmof-84d1a97,train,3.155283,76,1166,499
qmof-b2c9241,val,1.373836,128,1438,500
qmof-fe664ae,val,1.867108,108,904,501
qmof-e29b30f,train,1.403404,72,1224,502
qmof-863fb61,train,2.788354,108,1454,503
qmof-89da764,train,2.938982,50,442,504
qmof-d16a680,train,5.395605,104,1818,505
qmof-fc08082,train,2.274632,246,1791,506
qmof-30ee940,test,1.770768,276,4568,507
qmof-1749614,test,2.063363,280,3436,508
qmof-b9907e9,val,0.786553,304,4751,509
qmof-15d1d11,train,0.624223,30,261,510
qmof-b454284,val,2.981242,84,1134,511
qmof-c403bec,train,1.809906,116,1054,512
qmof-57e6787,val,0.750685,76,1334,513
qmof-3f13ba6,train,0.952957,51,925,514
qmof-22ee43c,val,0.045274,70,1064,515
qmof-1bc3291,train,2.876057,51,712,516
qmof-c2a0d63,train,1.894731,122,1334,517
qmof-361e7a4,train,4.261453,110,1928,518
qmof-49f7b74,train,3.33272,130,2306,519
qmof-82fe308,train,3.015905,102,1737,520
qmof-e7c9e5e,train,2.866575,68,946,521
qmof-5e17bde,train,2.024059,92,1637,522
qmof-5d90805,train,0.448568,50,690,523
qmof-732dc1a,test,3.073179,60,936,524
qmof-6e32feb,val,3.459285,122,1684,525
qmof-ae3b943,train,1.135408,78,862,526
qmof-0b70aa6,train,3.024401,280,3852,527
qmof-bab1656,train,1.295726,44,393,528
qmof-deb19b7,val,2.155505,288,4182,529
qmof-fcb408b,train,2.03693,86,1566,530
qmof-906b305,train,2.001909,56,919,531
qmof-a0717aa,train,1.480914,180,2809,532
qmof-a14eac3,val,2.26127,72,1137,533
qmof-902290d,train,0.387312,60,800,534
qmof-b041a69,train,2.466092,56,583,535
qmof-2353005,val,2.376311,149,1481,536
qmof-fffa2d9,train,3.315889,56,622,537
qmof-22c0271,train,0.231489,90,1237,538
qmof-94c1285,test,1.592758,140,2268,539
qmof-656e696,test,2.078085,91,798,540
qmof-aceaa1d,test,2.637598,72,898,541
qmof-8f360ff,train,0.683444,31,436,542
qmof-4389c27,train,2.119362,100,1802,543
qmof-b024a31,train,1.990179,104,1774,544
qmof-ca968a3,val,2.976738,108,1748,545
qmof-18b34f3,train,1.557297,230,2875,546
qmof-3a9ad54,train,1.256275,50,518,547
qmof-9a8be97,val,2.583209,92,1594,548
qmof-7571eaa,train,2.536054,94,1803,549
qmof-a123eee,test,0.61996,210,3639,550
qmof-4b51d4c,train,2.948219,96,1587,551
qmof-8b33928,test,0.407729,72,589,552
qmof-64fe339,train,0.887056,96,1236,553
qmof-ef156dd,train,2.661907,46,745,554
qmof-7accad1,train,2.356985,38,466,555
qmof-ccc608c,train,3.566809,60,914,556
qmof-d0592e2,train,1.515095,66,908,557
qmof-ffc7372,train,3.872874,98,1674,558
qmof-1f24a35,train,2.605562,150,2652,559
qmof-8f88adf,train,2.156105,164,2425,560
qmof-305d51c,train,2.445265,84,1052,561
qmof-8a6175e,train,2.575055,144,2710,562
qmof-99e4b8e,val,3.434154,180,2662,563
qmof-68e1336,train,1.79041,402,5970,564
qmof-76212a0,train,4.8742,92,1546,565
qmof-4835fba,test,3.378822,108,1716,566
qmof-3bb2216,train,2.569931,244,3320,567
qmof-b3e0651,val,2.181816,104,1736,568
qmof-ee520ef,train,2.373827,101,1924,569
qmof-d8b6b8f,train,1.814477,64,576,570
qmof-aa90826,train,1.86489,78,1348,571
qmof-277f9e3,train,1.425732,124,1203,572
qmof-0faa5f9,train,1.732443,72,1086,573
qmof-74bea3f,val,1.667163,114,2074,574
qmof-3d585a2,train,2.518506,72,1090,575
qmof-59a550a,train,4.735389,190,1961,576
qmof-f3f8bc5,val,2.220187,86,588,577
qmof-e9c75ec,val,0.699377,60,886,578
qmof-8b511ee,val,0.919248,127,1164,579
qmof-0208603,train,3.265447,164,2550,580
qmof-92814dc,train,1.587261,80,1450,581
qmof-2d98e86,train,2.863143,50,859,582
qmof-5d60ff1,train,1.215861,256,4380,583
qmof-0f39fa4,train,2.489038,68,525,584
qmof-b760bf5,test,0.241871,80,1737,585
qmof-03b536c,train,2.97357,86,1550,586
qmof-c11cc76,train,2.714586,62,908,587
qmof-8a18b5d,train,1.55149,82,818,588
qmof-69c4e7d,test,2.908737,64,692,589
qmof-16c4dd5,val,0.18521,48,893,590
qmof-5111bf8,test,3.149607,264,3564,591
qmof-0f515e2,train,1.654627,86,1024,592
qmof-089e2e8,train,0.513918,176,1567,593
qmof-ce9c9f9,train,0.607897,112,1909,594
qmof-e568186,train,0.114519,52,819,595
qmof-8ed130f,train,1.652918,94,1466,596
qmof-072d2d6,train,0.650137,49,755,597
qmof-bbd9bf5,train,2.75643,76,1058,598
qmof-61d7076,train,2.908026,74,718,599
qmof-e1ae1a6,train,1.608169,56,535,600
qmof-c0f13ca,test,0.733399,86,1228,601
qmof-614fa01,val,2.886603,148,2464,602
qmof-30885c7,train,0.319333,236,4535,603
qmof-4dd157d,test,2.684639,34,314,604
qmof-b2d2517,test,3.799979,52,404,605
qmof-2de5ad7,val,4.816571,46,556,606
qmof-00daa63,train,2.3263,162,2620,607
qmof-fcfab15,train,1.936045,106,1913,608
qmof-e5d8ebb,train,2.177576,112,1201,609
qmof-05dc5b6,train,2.861588,124,1386,610
qmof-a724328,train,3.012765,70,1122,611
qmof-13e5eb8,test,2.134526,148,2360,612
qmof-7873cd2,train,1.408527,100,962,613
qmof-e7477a4,test,0.692508,93,1624,614
qmof-cc16ed1,test,0.011006,320,4549,615
qmof-96f9ef7,val,0.297949,70,1289,616
qmof-791707c,train,1.008946,133,1254,617
qmof-e873125,train,2.29692,112,1864,618
qmof-46137d9,train,0.142319,148,2167,619
qmof-a6cbf6a,train,1.635618,109,897,620
qmof-0e72b85,train,1.082778,216,3468,621
qmof-6d2b4bc,train,2.370602,90,1545,622
qmof-00973d4,train,1.595749,148,2876,623
qmof-f73a75b,test,0.887507,67,1181,624
qmof-545c247,train,1.115374,116,1762,625
qmof-c22ea94,train,2.658705,110,1159,626
qmof-9a33911,train,1.164935,260,3559,627
qmof-e894f98,train,2.082888,42,581,628
qmof-79d5925,train,2.560514,178,1219,629
qmof-d3d1953,train,0.578868,42,678,630
qmof-0457eae,train,4.371719,42,526,631
qmof-cb69483,train,1.862667,128,2190,632
qmof-2c7948e,train,0.95559,105,1074,633
qmof-394db35,train,0.585729,48,710,634
qmof-a0b1b43,test,0.955226,82,1235,635
qmof-88ef49a,test,0.78172,96,1498,636
qmof-3a44113,val,0.341232,92,858,637
qmof-f848b6b,test,2.129463,150,1446,638
qmof-8c13777,train,2.736043,132,2058,639
qmof-ff54923,train,1.027899,118,1780,640
qmof-ff306b5,train,1.967623,72,937,641
qmof-fc77380,val,0.863062,78,1211,642
qmof-30417b0,train,0.869106,62,1133,643
qmof-ec4da0e,train,2.592477,212,1442,644
qmof-7d1948c,test,2.962379,86,1203,645
qmof-8197ed4,train,4.061114,220,2525,646
qmof-8b9a773,val,0.395572,208,2600,647
qmof-aa333f5,train,3.782711,56,891,648
qmof-90bddf0,train,3.874571,124,2006,649
qmof-1658787,test,1.145305,124,2259,650
qmof-0ae241a,train,2.847689,96,1652,651
qmof-62bc1af,train,2.932,42,598,652
qmof-58640c4,train,0.729418,66,1238,653
qmof-3d12eb1,train,3.370654,78,1572,654
qmof-813b695,test,3.320286,106,1794,655
qmof-3bddfea,test,0.619997,172,2810,656
qmof-807cae8,train,2.735053,117,1134,657
qmof-a9862f3,train,1.437254,132,1621,658
qmof-9022510,test,0.593614,118,1118,659
qmof-2b45577,train,0.697251,53,1014,660
qmof-7b91383,train,2.854827,104,1746,661
qmof-16097f7,train,3.049279,110,1899,662
qmof-6f783df,train,0.821654,204,1920,663
qmof-8c6011b,train,0.452226,48,704,664
qmof-430b4c6,train,0.77029,70,1245,665
qmof-059275c,train,1.754243,126,1573,666
qmof-0e86d2f,train,2.219976,72,1352,667
qmof-2e2337f,val,1.600541,60,575,668
qmof-13dcf5f,train,0.925026,216,3276,669
qmof-bb0ea2a,test,2.605581,44,603,670
qmof-919ea19,test,1.256849,96,1732,671
qmof-7986c05,train,1.81272,114,1136,672
qmof-84604c2,val,2.564523,140,2135,673
qmof-3573de2,train,2.393366,150,1430,674
qmof-033e292,val,2.744697,72,658,675
qmof-2c7d021,test,0.970892,86,1541,676
qmof-a517cdf,test,2.096467,184,1824,677
qmof-cbbcaee,test,0.204361,148,1717,678
qmof-1a9e919,train,3.034284,84,1300,679
qmof-b89c781,train,1.32676,136,2252,680
qmof-827fbe8,train,0.135776,50,659,681
qmof-ea67c6a,test,1.901083,111,901,682
qmof-6cc9d61,train,2.87538,102,1738,683
qmof-cb0ed13,train,2.232467,112,1400,684
qmof-0a94b4b,train,1.961609,70,977,685
qmof-b1e53d1,train,3.586429,112,2062,686
qmof-e09709f,train,1.264286,68,676,687
qmof-705ad5b,train,3.449303,106,1472,688
qmof-1594a7d,train,1.166533,59,486,689
qmof-9e05c25,train,1.56332,160,1680,690
qmof-d4d4dbf,train,0.897438,160,2091,691
qmof-35bc54f,train,2.62153,36,492,692
qmof-0e40af0,train,3.23722,120,1862,693
qmof-9b4fafa,train,1.708078,90,1330,694
qmof-de4940a,train,1.608205,100,779,695
qmof-623345d,train,0.811386,71,1126,696
qmof-0156bfa,val,0.852883,88,1716,697
qmof-ab10508,test,2.261959,88,1493,698
qmof-54c7a8f,train,1.171631,174,3198,699
qmof-21f8c6f,val,4.869728,88,1366,700
qmof-3b6652e,train,3.102946,104,1826,701
qmof-e02e5c6,train,1.524325,66,580,702
qmof-5f31ac2,test,1.820541,36,489,703
qmof-cf6fe94,train,0.530035,78,1427,704
qmof-debe154,train,0.527695,46,639,705
qmof-aea802e,val,3.039934,94,1892,706
qmof-847d3d6,val,2.737794,100,710,707
qmof-067b298,train,1.086564,168,3053,708
qmof-6f8a3fc,val,3.67099,70,1070,709
qmof-4587fb8,val,3.313961,190,3632,710
qmof-c124b27,test,4.389926,64,1042,711
qmof-44435b0,train,0.918006,72,1298,712
qmof-24e5993,val,4.852828,32,365,713
qmof-462ad7f,train,3.577279,90,1368,714
qmof-f78137f,test,3.353086,94,1564,715
qmof-73caf97,train,3.615237,77,1299,716
qmof-ce08781,train,1.449481,80,771,717
qmof-579a1f8,train,0.65657,84,1546,718
qmof-bff657f,train,2.053803,98,750,719
qmof-3b2f138,train,2.587906,68,836,720
qmof-1a11e28,train,2.477551,120,1872,721
qmof-d4a8601,val,0.353581,344,5666,722
qmof-7fb8bc6,test,1.93259,54,511,723
qmof-2d4accf,train,0.557594,132,2436,724
qmof-e847dcc,test,0.601809,50,530,725
qmof-76932b3,train,2.944911,120,1828,726
qmof-2ee4f8f,train,2.796354,84,1387,727
qmof-b04cfde,train,0.670419,96,1705,728
qmof-f0a4dcc,train,0.748221,82,1191,729
qmof-8427100,train,2.226043,62,953,730
qmof-3ee197c,train,4.650907,64,864,731
qmof-32c25b7,train,3.473455,74,1418,732
qmof-0d83a18,val,2.730772,88,1074,733
qmof-f5b47bc,val,0.390423,105,1722,734
qmof-94ab9a7,train,0.903235,74,854,735
qmof-b8990cd,train,4.411545,73,1265,736
qmof-0d9fb99,train,3.042631,120,1900,737
qmof-2a350d5,test,0.016252,76,1210,738
qmof-75a4330,train,1.912003,133,2080,739
qmof-3e65b16,train,0.923581,90,1272,740
qmof-cb9b390,train,3.187554,136,2554,741
qmof-bed947e,train,1.835354,56,632,742
qmof-ee49b1f,train,2.234645,89,1577,743
qmof-7bfb86b,train,2.838708,112,1730,744
qmof-fb16de9,train,0.7018,356,5224,745
qmof-6438955,train,2.148399,96,1610,746
qmof-dc05a49,train,0.3767,92,1597,747
qmof-a2fcb93,train,1.477577,60,1155,748
qmof-0b12ae3,test,3.199024,120,2270,749
qmof-3f29ec2,train,2.667662,60,666,750
qmof-c2e7f00,train,2.098196,184,3116,751
qmof-0b89f2c,val,2.4734,58,978,752
qmof-5b523bb,test,0.968638,120,1936,753
qmof-46a169e,train,1.639982,350,4686,754
qmof-ee27add,train,2.889271,93,1025,755
qmof-ce8d87f,train,1.441329,53,918,756
qmof-b13adc9,train,0.925001,55,874,757
qmof-b8dd1c7,test,1.607748,66,1222,758
qmof-3c74de3,train,3.507427,102,1564,759
qmof-2799dff,train,4.147257,76,1132,760
qmof-29c7dbe,val,2.45606,144,1270,761
qmof-542c160,val,2.795695,44,766,762
qmof-e726ffa,val,1.669978,143,1247,763
qmof-918e13a,train,1.773839,216,2347,764
qmof-ee9cb10,test,2.947421,84,1408,765
qmof-31183ec,train,1.044039,228,3783,766
qmof-1ddc72d,val,2.637038,80,1430,767
qmof-dcbefe5,train,0.722109,46,526,768
qmof-74c9eee,train,2.988156,80,1076,769
qmof-2689225,val,1.586397,94,904,770
qmof-673fc7f,train,3.752763,88,670,771
qmof-38cb9dc,train,2.200704,132,2472,772
qmof-8ed0ec6,test,0.998332,144,2448,773
qmof-51e910f,train,4.99031,68,1052,774
qmof-d992032,val,3.169814,260,3502,775
qmof-9963630,test,0.094521,220,3403,776
qmof-e18f67b,val,4.233904,100,1342,777
qmof-255b822,train,0.924045,107,1957,778
qmof-3f1fb36,train,2.331744,148,2378,779
qmof-dd310f8,train,2.13374,464,4258,780
qmof-8708a28,val,2.484492,58,1114,781
qmof-5e1f138,train,2.444381,104,1554,782
qmof-6a1476a,train,3.150792,186,2260,783
qmof-fd1a91f,train,1.468042,48,418,784
qmof-2a38a87,train,1.518921,132,2064,785
qmof-79529d8,train,4.875313,76,1022,786
qmof-11a42ea,train,3.511508,106,855,787
qmof-331f98a,train,2.823789,36,394,788
qmof-5a5d07c,train,2.318794,106,1847,789
qmof-4f3510c,train,2.41378,54,929,790
qmof-4e6ad11,test,0.595147,130,1925,791
qmof-f59c9c1,train,0.868977,86,854,792
qmof-cca3b22,val,1.538855,234,3219,793
qmof-49c91df,val,1.617126,134,2237,794
qmof-f75dbb3,train,2.353026,300,5380,795
qmof-14c725f,test,2.566619,154,1058,796
qmof-820eea9,train,2.390008,264,3573,797
qmof-8aafa02,val,2.187897,163,2460,798
qmof-f7fd5b1,val,2.737322,84,1316,799
qmof-ef42d2a,train,1.092682,76,1098,800
qmof-f343390,test,1.217538,72,1277,801
qmof-9533602,test,2.843258,82,1352,802
qmof-e6dcf60,val,2.38415,96,1852,803
qmof-8332999,test,2.965037,90,1558,804
qmof-0507e96,train,0.880279,156,2304,805
qmof-32a57b9,train,0.854129,203,2844,806
qmof-e52fce8,train,3.652854,44,783,807
qmof-945b0cc,train,0.259362,92,1758,808
qmof-0b6afbc,val,3.987031,53,885,809
qmof-6656fa3,test,2.39121,212,1412,810
qmof-82f9a80,test,0.398685,195,3078,811
qmof-9dd4efa,train,0.160848,158,2682,812
qmof-6a97c17,train,3.32767,44,714,813
qmof-b983a20,train,2.306613,312,4406,814
qmof-a38a59d,train,3.303292,52,772,815
qmof-8edbca3,test,2.596826,55,935,816
qmof-8e117f6,train,1.470048,118,2262,817
qmof-9c2642b,train,2.493697,112,1390,818
qmof-9ef6119,test,1.326805,76,804,819
qmof-53b05c6,train,1.627933,264,3342,820
qmof-fe96a80,train,1.633039,80,806,821
qmof-6a180ff,test,3.509665,100,1704,822
qmof-4e5eb48,train,3.336823,88,1352,823
qmof-a5bc4fb,train,0.283483,84,1316,824
qmof-10f6ebc,train,2.859187,72,1062,825
qmof-0d4a2d9,test,2.248249,88,970,826
qmof-6d779e7,test,2.336532,108,1371,827
qmof-c7e08a4,test,0.20142,90,1565,828
qmof-4c61e1e,val,2.781028,112,1940,829
qmof-3691386,train,4.302423,54,862,830
qmof-f9f153c,train,2.464289,46,361,831
qmof-9d8a6b2,train,2.746638,86,1352,832
qmof-3524ba0,train,2.234483,82,1316,833
qmof-7f16a04,val,0.841823,96,1694,834
qmof-4481428,train,1.41989,56,530,835
qmof-e874e0c,train,3.333301,213,2471,836
qmof-b5ddfc5,train,1.757962,74,1164,837
qmof-9fb39d7,train,3.254299,110,1868,838
qmof-763d52f,test,2.301581,94,1545,839
qmof-14375bc,train,1.987914,91,831,840
qmof-b06e757,val,1.828486,89,984,841
qmof-11b8fff,val,3.217424,114,2102,842
qmof-233f752,val,1.625665,65,579,843
qmof-f857f84,train,2.709174,148,2778,844
qmof-dea5ac6,train,2.845502,232,2964,845
qmof-0cbcc26,train,1.038491,140,2156,846
qmof-7375a78,train,0.940774,220,2224,847
qmof-f5499a0,train,2.148224,78,1121,848
qmof-67247ca,train,2.067049,55,375,849
qmof-3d42878,test,0.964371,244,3530,850
qmof-da04278,train,2.485439,80,1320,851
qmof-bffc6bd,train,1.818379,82,1504,852
qmof-dfa389a,train,0.394403,62,1073,853
qmof-b5d466b,val,0.886721,100,1866,854
qmof-d234b42,train,2.931169,60,911,855
qmof-f5242a4,val,0.747651,64,1026,856
qmof-e1b5da8,train,0.64425,112,1638,857
qmof-6a595fd,train,1.696454,348,4788,858
qmof-bab2a52,train,2.359326,132,2164,859
qmof-9544bd5,train,0.728808,76,1248,860
qmof-a149d95,train,0.710077,44,797,861
qmof-6b33ff9,train,4.549446,120,2206,862
qmof-6e293a1,val,0.556174,228,3812,863
qmof-090ef1e,train,0.356588,188,3096,864
qmof-b6efd88,train,3.128606,122,2340,865
qmof-3caf24b,train,2.280683,76,948,866
qmof-62058f7,val,2.061107,312,4082,867
qmof-58ece63,train,3.486401,66,602,868
qmof-26d7f43,train,2.444518,74,696,869
qmof-b7c4e4f,test,3.834207,96,1392,870
qmof-7a1337f,train,0.805206,104,1722,871
qmof-b2849dd,train,1.821283,54,578,872
qmof-d111cc6,train,2.336581,66,995,873
qmof-7e2adaf,test,1.761278,238,1950,874
qmof-b2e74b6,val,2.383904,90,1152,875
qmof-73cfd5c,train,2.843561,60,1016,876
qmof-aa3bc0e,train,0.753322,106,1222,877
qmof-aa82102,test,0.809361,148,1382,878
qmof-578f3e9,train,1.46569,100,1500,879
qmof-907545a,val,2.277792,116,2056,880
qmof-3384f34,train,2.955299,48,482,881
qmof-e7ae2d4,train,1.957668,34,387,882
qmof-a74ac6d,train,2.644975,84,1650,883
qmof-ae934b7,train,1.83941,90,1568,884
qmof-1a6cb27,train,0.733377,105,1209,885
qmof-b7f9162,train,0.469899,40,601,886
qmof-8ed9887,train,1.465817,128,2478,887
qmof-29a38ad,train,1.965946,54,722,888
qmof-770da4b,train,4.773436,32,438,889
qmof-adff872,train,3.620508,93,1736,890
qmof-33487ab,train,3.924045,50,699,891
qmof-c223d4f,val,2.843664,240,3090,892
qmof-c897ec7,train,2.218956,122,2192,893
qmof-20b49f0,val,1.630002,194,2014,894
qmof-90ba237,train,2.241223,80,1418,895
qmof-be001bf,train,3.153559,156,2566,896
qmof-6851f8d,train,1.533011,98,774,897
qmof-0531def,test,2.223796,64,1123,898
qmof-f632c64,train,2.59331,140,1235,899
qmof-dc43527,train,0.673027,52,636,900
qmof-22c6575,train,0.944472,60,646,901
qmof-50671ea,train,5.26366,28,320,902
qmof-d45d958,val,0.506778,148,2404,903
qmof-fd0958d,train,0.930997,64,1100,904
qmof-64828d7,test,2.044408,58,914,905
qmof-64dd8fc,test,1.967825,108,936,906
qmof-57bb27b,train,0.942962,86,1585,907
qmof-43add4e,train,1.919071,160,2560,908
qmof-714a907,train,3.427647,47,826,909
qmof-dbcabd3,train,3.073302,28,332,910
qmof-e13955e,train,2.19015,54,525,911
qmof-d689892,train,1.221203,72,1152,912
qmof-558281a,train,4.542006,86,1549,913
qmof-80e680b,train,1.864567,112,1796,914
qmof-04cece3,train,2.582638,92,1646,915
qmof-d2bacb1,train,0.787308,276,3842,916
qmof-02cf811,test,2.455071,110,1914,917
qmof-79f0fab,train,2.256775,124,2282,918
qmof-5029b9d,train,2.040096,65,594,919
qmof-2ff6bbd,val,3.024476,476,5806,920
qmof-04fb851,train,1.635271,198,3313,921
qmof-df01160,test,2.69521,96,1274,922
qmof-5024817,train,2.085083,108,968,923
qmof-fb31e12,val,0.708309,88,1179,924
qmof-3b44779,test,1.804668,34,327,925
qmof-09b285a,train,3.50623,45,745,926
qmof-8173fb9,test,5.211824,54,1004,927
qmof-4b075ae,val,4.624439,96,1250,928
qmof-33e82fb,train,3.152635,76,904,929
qmof-7d579e0,test,0.591819,72,670,930
qmof-ebae1e4,train,2.363045,136,2334,931
qmof-fdac092,train,2.24598,126,2444,932
qmof-d8a055c,train,3.073967,62,976,933
qmof-ff83ea3,train,1.388054,66,1053,934
qmof-d7633f2,train,0.283649,79,1669,935
qmof-b6a2fc3,train,2.376073,80,1503,936
qmof-a0ac3c3,train,1.528916,120,2216,937
qmof-2cf73c1,train,1.317218,72,848,938
qmof-fb472cc,train,4.351621,100,1880,939
qmof-8fbcfd3,val,1.303353,184,1554,940
qmof-26e33a1,train,0.731085,67,1137,941
qmof-eb7a5da,train,2.544425,34,465,942
qmof-f5b3fd7,train,0.788769,70,1199,943
qmof-1d2aeb7,train,2.231324,42,363,944
qmof-e697da3,train,2.013946,74,1174,945
qmof-94699eb,train,2.048169,74,1192,946
qmof-bf8301b,train,2.888542,84,1334,947
qmof-c78d46a,train,1.131917,94,1663,948
qmof-8421750,train,2.493532,49,408,949
qmof-9ba23c7,test,3.168096,90,1622,950
qmof-e9eab2e,val,0.779493,76,1566,951
qmof-66acad7,train,0.088236,100,1084,952
qmof-904c7c6,val,2.46287,62,697,953
qmof-9b1866d,train,1.156719,82,751,954
qmof-ec58109,test,3.808149,94,1568,955
qmof-5ce13e6,val,1.848953,64,1058,956
qmof-1a54af9,test,2.893804,100,1710,957
qmof-0ea1d91,train,1.08766,42,604,958
qmof-7e1e181,test,2.642787,36,500,959
qmof-469ff8c,train,2.917218,120,2048,960
qmof-db7b433,val,3.255867,100,1770,961
qmof-16502f8,val,2.843751,136,1978,962
qmof-dda14d4,val,2.131148,246,2618,963
qmof-fe8e022,train,2.575387,164,2538,964
qmof-045c524,train,0.763686,60,1068,965
qmof-c3d1c9d,train,3.115023,74,1194,966
qmof-8d66f49,train,0.687691,110,1008,967
qmof-af0b1e5,train,0.589389,120,1563,968
qmof-aca49e8,val,2.818829,76,942,969
qmof-885c941,test,2.633816,60,927,970
qmof-9a970ac,train,2.080472,82,1405,971
qmof-36d19a8,train,0.891845,104,1686,972
qmof-bc99d40,train,2.914559,200,3356,973
qmof-8d86a35,train,0.871049,74,1170,974
qmof-d6ff719,train,3.478118,82,1401,975
qmof-ea1ff12,train,2.747799,160,2480,976
qmof-ed8aa33,train,1.810476,38,517,977
qmof-5843876,train,0.52665,100,1838,978
qmof-a13712f,train,0.639479,90,1662,979
qmof-7670773,train,4.057879,50,644,980
qmof-516c757,val,4.544412,84,1680,981
qmof-aa0ecf6,train,3.247869,76,1410,982
qmof-cedf3f2,train,2.899074,220,3412,983
qmof-559f9cd,val,0.836271,174,3197,984
qmof-f269adb,val,2.231509,84,933,985
qmof-eab170f,test,0.036919,104,1897,986
qmof-af04ce5,test,2.216834,284,4842,987
qmof-ab1627d,train,0.287906,218,3452,988
qmof-b321532,val,3.466354,180,2622,989
qmof-5f3eef5,train,1.123065,218,3243,990
qmof-f6d96e9,train,2.89219,88,1278,991
qmof-46e30a0,train,3.073469,66,1154,992
qmof-7947dc7,train,0.798531,178,1556,993
qmof-461359c,train,0.793513,89,1445,994
qmof-7f11edf,train,1.042606,84,804,995
qmof-f4d866b,train,4.478011,408,4148,996
qmof-eccc1db,train,1.664576,130,2484,997
qmof-5ffeace,train,1.509815,150,2380,998
qmof-03dde57,train,0.505006,92,1802,999
qmof-893a85d,train,1.96874,60,965,1000
qmof-decd7a9,val,2.282359,62,555,1001
qmof-2000cb0,val,3.138246,70,1151,1002
qmof-5b325c1,train,2.519189,146,1248,1003
qmof-0f835bb,train,0.213076,100,1423,1004
qmof-4df1b78,test,2.520423,128,1995,1005
qmof-23397f7,train,0.57642,40,538,1006
qmof-0c315e8,train,1.973893,98,774,1007
qmof-e84b289,train,3.055163,122,1496,1008
qmof-54a157d,train,3.989438,48,901,1009
qmof-6b0105c,train,2.114529,232,3180,1010
qmof-16ba929,val,2.875908,84,1116,1011
qmof-650d8e2,train,2.971752,156,1364,1012
qmof-7505ece,train,2.098382,90,1637,1013
qmof-850cb23,test,0.714843,70,1236,1014
qmof-39f4852,val,0.869871,68,692,1015
qmof-2d27f5a,train,1.570945,46,556,1016
qmof-a687e6e,train,4.955818,56,968,1017
qmof-01a27aa,train,3.575606,82,756,1018
qmof-35b6774,train,3.314135,108,1386,1019
qmof-5b13ca9,train,2.151419,60,976,1020
qmof-7216406,val,4.319838,164,2554,1021
qmof-746e866,val,3.349189,64,918,1022
qmof-a1bc243,train,1.50334,310,5664,1023
qmof-556d7b3,train,1.818554,71,986,1024
qmof-3c043b0,train,3.026479,124,2042,1025
qmof-fdbfd5c,test,1.231191,94,854,1026
qmof-cfab418,train,2.53816,153,1953,1027
qmof-25323e3,train,3.676919,28,342,1028
qmof-4ede352,train,2.364659,49,409,1029
qmof-642a3e1,train,2.502845,116,1072,1030
qmof-b15083e,train,1.897336,122,1266,1031
qmof-b1d5255,train,1.096666,44,490,1032
qmof-3c665b8,test,2.289354,60,791,1033
qmof-d52189a,test,3.297747,168,2858,1034
qmof-1a20b4f,val,0.221486,82,1704,1035
qmof-1959230,test,2.631986,100,1892,1036
qmof-47df5b7,train,1.513959,128,2236,1037
qmof-1c956df,test,1.841588,432,4578,1038
qmof-8529691,train,0.857585,31,287,1039
qmof-aada0e2,val,3.28893,82,1088,1040
qmof-1bef540,test,0.898517,124,1705,1041
qmof-c736fe1,train,4.997462,292,5512,1042
qmof-10ca7f1,train,2.036041,152,2222,1043
qmof-579321e,train,0.344177,56,864,1044
qmof-fea8031,train,0.304987,48,472,1045
qmof-98dead6,train,3.546311,352,5754,1046
qmof-8205680,train,3.269835,68,1226,1047
qmof-48b6c68,train,0.820538,296,3560,1048
qmof-12c09c4,train,3.860486,216,4082,1049
qmof-9723edf,test,1.694797,82,1082,1050
qmof-b5e016a,train,0.71999,204,2868,1051
qmof-6dd9a5a,val,2.985476,146,1946,1052
qmof-fe6118d,val,0.53002,80,647,1053
qmof-c40a6a3,val,0.764633,114,2201,1054
qmof-8e757ac,train,3.125358,92,1754,1055
qmof-b9beae5,train,2.07672,120,885,1056
qmof-54f7ee7,train,0.337537,106,1800,1057
qmof-f5fa47d,val,0.573387,31,310,1058
qmof-f5f710d,train,2.862877,132,2506,1059
qmof-68178b9,val,1.604628,154,1046,1060
qmof-3ede64b,train,1.387842,102,1046,1061
qmof-a9166ed,train,1.476158,142,1705,1062
qmof-b0775d6,train,1.98819,64,1084,1063
qmof-90c218f,train,1.187564,80,1582,1064
qmof-81999f9,train,4.05397,78,1222,1065
qmof-b1e5ed5,val,1.912293,108,1240,1066
qmof-79ae55e,train,4.422071,64,957,1067
qmof-27089ba,val,2.946397,96,1635,1068
qmof-3c0ccb3,train,1.40011,286,4794,1069
qmof-5ba30e8,train,0.851833,174,3265,1070
qmof-f9a6beb,train,4.276599,96,1702,1071
qmof-7e90e52,train,5.185215,100,2074,1072
qmof-add6b39,train,1.816552,120,1269,1073
qmof-8637eeb,val,0.503028,94,1505,1074
qmof-b5f19ca,val,2.454457,60,1014,1075
qmof-7c7b193,train,1.104037,256,4263,1076
qmof-e80fd66,test,0.929868,78,1522,1077
qmof-3be3004,train,0.515264,123,1818,1078
qmof-eb261b9,train,2.914627,89,1282,1079
qmof-38bb2e6,train,1.38184,184,3304,1080
qmof-92f7595,train,0.80378,70,1314,1081
qmof-8fdd4e6,test,1.851666,98,1810,1082
qmof-baa53f4,train,1.861026,56,832,1083
qmof-27a9cc4,train,2.752383,44,463,1084
qmof-98a8377,train,2.195531,50,862,1085
qmof-27afebe,train,1.613653,48,694,1086
qmof-cc53b25,test,0.535556,56,997,1087
qmof-88c6ebd,val,0.904726,30,331,1088
qmof-ea9f3ea,train,0.450394,54,528,1089
qmof-8615dad,train,2.914874,54,826,1090
qmof-151448f,train,4.018339,93,1807,1091
qmof-bb63e19,train,4.458951,128,2402,1092
qmof-a92c5f8,train,0.64602,110,2036,1093
qmof-607988e,val,3.314115,178,2266,1094
qmof-6ef802e,val,2.481146,104,909,1095
qmof-0ba6264,train,2.182111,76,1264,1096
qmof-0467156,train,1.997608,80,1232,1097
qmof-a6bbcbb,train,3.537644,424,3176,1098
qmof-8ba1416,train,3.216074,240,3800,1099
qmof-d278d49,train,0.148569,42,288,1100
qmof-b2dbb73,test,1.455017,56,816,1101
qmof-9ba61f0,train,4.114429,62,1060,1102
qmof-deab150,train,2.398196,130,2438,1103
qmof-13989ad,train,0.766333,147,2278,1104
qmof-9b4ddd5,train,1.691388,54,762,1105
qmof-36577c1,train,2.477036,90,1618,1106
qmof-6a57bbc,train,0.359301,142,2080,1107
qmof-e2ef939,train,1.642436,94,1358,1108
qmof-74acec1,train,2.526939,282,3726,1109
qmof-646eff5,train,2.972185,304,4928,1110
qmof-60a018e,train,0.514373,56,890,1111
qmof-0340fcc,test,3.17807,92,1096,1112
qmof-293c249,val,3.022012,67,731,1113
qmof-850b075,train,2.477913,74,1271,1114
qmof-2482286,test,0.301215,78,1498,1115
qmof-cf9e198,train,1.375839,156,1474,1116
qmof-7fc4a4e,train,1.382928,42,520,1117
qmof-18467b8,train,0.566307,88,1491,1118
qmof-b50aaa2,train,2.763255,294,4706,1119
qmof-d3b1916,train,0.458552,56,977,1120
qmof-6759cff,train,0.03598,84,1482,1121
qmof-550a9e1,val,2.982934,216,3044,1122
qmof-559f6f4,val,1.562815,82,744,1123
qmof-a96ee8e,train,1.325243,90,1680,1124
qmof-f014e4f,test,2.894412,120,2010,1125
qmof-4f2c9aa,val,0.322977,398,6468,1126
qmof-2019dbf,train,3.943759,58,848,1127
qmof-bd08a72,val,2.217709,72,1182,1128
qmof-ff2f085,train,0.38101,125,2326,1129
qmof-3af4239,train,2.619655,240,3518,1130
qmof-31b1596,train,1.841657,68,899,1131
qmof-7eaea73,train,2.663633,72,1150,1132
qmof-177f29a,train,4.268002,66,969,1133
qmof-66698de,train,1.20396,88,1424,1134
qmof-f6b0a89,train,1.363343,203,3629,1135
qmof-e2ca7ec,train,3.019978,174,2538,1136
qmof-b999777,train,3.117022,104,1901,1137
qmof-685167e,train,2.485764,212,1412,1138
qmof-2a08198,train,0.851098,50,528,1139
qmof-c585aa5,test,0.924235,88,1188,1140
qmof-5ff6ae2,train,0.668628,92,1142,1141
qmof-f22081b,train,2.11511,120,1083,1142
qmof-9dce9f9,train,1.068596,67,1182,1143
qmof-fed56cc,val,0.787818,114,1564,1144
qmof-51bdd62,val,2.369043,144,1906,1145
qmof-6975221,train,0.583173,27,286,1146
qmof-9e44906,train,0.743779,120,2247,1147
qmof-10ff507,train,0.193346,114,2118,1148
qmof-229f5b9,train,2.374669,96,770,1149
qmof-2246e1d,train,0.905327,154,1562,1150
qmof-15d20be,train,2.899605,232,2352,1151
qmof-1f43ca5,train,0.34721,183,2325,1152
qmof-2593255,val,0.372603,162,2686,1153
qmof-f879f69,test,2.46876,124,1901,1154
qmof-b9fe2c9,train,2.163515,124,2282,1155
qmof-727436c,train,0.394716,332,4836,1156
qmof-558431c,train,3.247937,68,908,1157
qmof-b11bf9e,train,0.973852,96,1876,1158
qmof-4482e16,train,1.895766,108,1425,1159
qmof-673bd4c,train,2.203946,58,746,1160
qmof-0782391,val,0.893238,52,916,1161
qmof-ecb01a1,val,1.516198,56,924,1162
qmof-f980f2a,train,0.381926,57,587,1163
qmof-f3458d7,train,2.764966,34,431,1164
qmof-c7cd5a3,test,2.19511,116,2113,1165
qmof-e0c11b0,train,2.695465,204,3390,1166
qmof-5dacd0b,test,4.357632,80,1529,1167
qmof-b4b3bb1,train,2.817121,154,2584,1168
qmof-0df7bd9,train,1.415067,100,1374,1169
qmof-2edb599,train,1.504813,132,2050,1170
qmof-792ee15,train,0.488492,106,1873,1171
qmof-a51c5af,train,1.417059,108,1055,1172
qmof-1d94c8a,train,2.503701,244,1841,1173
qmof-f171323,train,1.028078,34,485,1174
qmof-7e67998,val,2.836212,108,1714,1175
qmof-0e25fad,train,2.583651,98,1623,1176
qmof-ed19d45,val,0.508574,60,1060,1177
qmof-688ee41,train,0.055345,48,667,1178
qmof-b5f9bbe,train,0.508271,108,1811,1179
qmof-2b508d4,train,3.492067,70,932,1180
qmof-a3b763d,train,2.057568,80,1176,1181
qmof-efd8c2a,train,2.603256,180,984,1182
qmof-0b3d138,train,0.906087,132,2492,1183
qmof-3eac45e,train,0.998615,114,1013,1184
qmof-1002f30,train,4.493458,124,1194,1185
qmof-e78085a,train,0.436938,86,1553,1186
qmof-8795f0c,test,0.744048,68,1361,1187
qmof-d8bde53,train,2.570481,60,1053,1188
qmof-5db7a83,train,2.77346,76,964,1189
qmof-721171e,train,2.578019,356,2696,1190
qmof-62c2018,train,0.831931,74,1249,1191
qmof-c5a6ce1,train,3.205536,68,967,1192
qmof-6f3892c,train,0.283912,192,1932,1193
qmof-222c44e,train,2.760982,400,6428,1194
qmof-b0c9185,train,1.601351,112,1727,1195
qmof-6c58181,test,2.511149,242,4030,1196
qmof-874e961,train,1.749533,55,981,1197
qmof-8f65a3c,train,2.454019,67,1225,1198
qmof-41ca5a1,train,2.273828,214,3414,1199
qmof-c71dee9,train,1.185774,108,1912,1200
qmof-76724f2,train,1.161372,112,1664,1201
qmof-67a59c5,test,1.961341,72,1058,1202
qmof-28d6481,train,1.718594,61,635,1203
qmof-b8ed633,test,2.760251,128,1508,1204
qmof-fe5c928,train,3.820066,42,642,1205
qmof-18c691a,train,0.702304,84,900,1206
qmof-328e112,train,3.265019,56,994,1207
qmof-fb124e3,train,2.957139,174,2768,1208
qmof-173ea6a,train,2.902417,78,1291,1209
qmof-f53cf45,train,0.937842,56,814,1210
qmof-b7eac83,train,1.775888,52,835,1211
qmof-bce77ec,train,0.275818,69,1047,1212
qmof-3aa5315,train,0.984859,68,759,1213
qmof-efc4f62,val,2.027623,120,1245,1214
qmof-d4093bf,val,3.796213,30,344,1215
qmof-2d86fa0,train,3.978053,162,1980,1216
qmof-0fbdbe2,test,1.182003,118,2498,1217
qmof-ebea65a,train,2.719074,96,1476,1218
qmof-d29b685,train,3.358317,178,3299,1219
qmof-d652c63,train,2.961143,104,1548,1220
qmof-3816edb,val,0.950855,84,1350,1221
qmof-501b412,train,0.867906,92,1182,1222
qmof-2a12314,train,2.412376,57,964,1223
qmof-e4c0eb6,val,3.541795,172,2588,1224
qmof-7cb4137,train,0.904595,72,730,1225
qmof-1ef53a0,train,3.209192,62,921,1226
qmof-0009829,train,2.101297,116,1040,1227
qmof-fcf8f5a,train,3.196505,82,1619,1228
qmof-3a6ceb0,test,2.553304,88,1768,1229
qmof-726afcd,train,2.037686,92,1204,1230
qmof-668a82c,train,3.240291,68,918,1231
qmof-0c4aea6,val,0.869342,132,2310,1232
qmof-0bbddb3,train,3.231375,130,1079,1233
qmof-3e21699,test,3.171085,92,1564,1234
qmof-73f5dbf,train,3.062484,112,1834,1235
qmof-e027183,val,0.790611,49,829,1236
qmof-5bac0a7,val,1.604852,284,5192,1237
qmof-792627f,test,3.270658,70,1098,1238
qmof-4fb8d06,val,2.77708,110,1939,1239
qmof-09f467e,val,1.511992,28,240,1240
qmof-1234f76,train,2.834197,42,566,1241
qmof-eaed70a,test,1.588725,110,1699,1242
qmof-494ec46,train,1.274044,128,2436,1243
qmof-67c66b9,test,2.827185,30,355,1244
qmof-f8e0017,train,2.258301,138,2338,1245
qmof-cd01241,train,2.022849,72,672,1246
qmof-4a86080,train,3.444504,52,566,1247
qmof-dd5a73e,train,0.800366,106,1778,1248
qmof-a0c2669,train,2.325329,55,852,1249
qmof-e2065ab,test,2.144341,228,1631,1250
qmof-3fb0086,train,3.027824,192,3146,1251
qmof-f5690c7,test,1.589209,51,822,1252
qmof-fc7ce55,val,0.699418,56,622,1253
qmof-305bca1,train,2.587278,106,922,1254
qmof-ad06ef4,train,0.88102,58,864,1255
qmof-9b3fc80,test,2.023125,28,353,1256
qmof-9bd8c04,train,2.310886,96,1625,1257
qmof-7ee523e,train,2.766674,80,728,1258
qmof-abb90e8,train,3.311434,448,8349,1259
qmof-9c15737,train,1.697455,196,1420,1260
qmof-9140a3c,train,1.9139,118,1982,1261
qmof-a71c5cf,train,0.457918,154,2778,1262
qmof-c34f90d,test,0.788405,28,160,1263
qmof-5c0f1a7,train,2.983165,94,1490,1264
qmof-6c05d60,train,3.155836,88,1889,1265
qmof-c570ff7,train,2.847102,80,1344,1266
qmof-8ab2648,train,2.341395,80,724,1267
qmof-e555160,train,2.688952,58,625,1268
qmof-77a3a1c,train,2.735664,64,933,1269
qmof-310a9ef,train,4.595073,50,596,1270
qmof-53839d7,test,2.359088,106,1866,1271
qmof-95a18a7,val,0.713368,120,1093,1272
qmof-64280ff,train,2.024961,100,1496,1273
qmof-832a1ad,train,0.588553,17,135,1274
qmof-1c3833a,train,1.478177,104,870,1275
qmof-cf8f8f2,train,0.695328,50,774,1276
qmof-c92d2ff,train,2.29936,86,1640,1277
qmof-ca84210,train,2.133948,236,2456,1278
qmof-a3dadbc,test,4.263634,62,1008,1279
qmof-c99692d,train,1.044109,102,1613,1280
qmof-db2fad9,val,3.392814,50,762,1281
qmof-5885ba6,train,2.980657,96,1532,1282
qmof-fdf59ed,train,3.061161,320,5252,1283
qmof-1b788d8,train,0.71014,156,2028,1284
qmof-45e9b21,train,2.174081,102,1887,1285
qmof-3f486ca,train,4.626028,88,1344,1286
qmof-658e9f3,train,1.739118,156,1910,1287
qmof-6a32398,train,3.249888,70,1314,1288
qmof-fc8917e,test,1.994851,136,2292,1289
qmof-ae1a03f,val,4.553794,72,1272,1290
qmof-871f894,train,2.009573,56,702,1291
qmof-034e9af,train,3.650774,102,1785,1292
qmof-86aace2,train,1.882735,236,1671,1293
qmof-6e83af2,train,3.044159,118,2050,1294
qmof-28f26b6,test,3.401423,74,992,1295
qmof-e7d8fc2,train,3.310829,200,2748,1296
qmof-bb65d94,train,3.122165,108,1935,1297
qmof-8e9a95c,val,4.77775,36,392,1298
qmof-a02e051,train,2.133721,63,948,1299
qmof-b8e4039,train,0.624325,58,903,1300
qmof-190750b,train,1.274665,116,2046,1301
qmof-53dd35e,train,1.438114,130,1150,1302
qmof-5ed3f1f,train,2.787575,68,1038,1303
qmof-493416b,train,0.100897,90,1252,1304
qmof-0fadd6f,train,2.785753,122,1298,1305
qmof-3173783,test,0.899911,35,518,1306
qmof-b618011,train,0.472069,168,2618,1307
qmof-bd9ffd3,train,1.963016,168,1723,1308
qmof-5495921,train,1.950694,56,786,1309
qmof-f16edf9,train,1.581556,92,1496,1310
qmof-9e26cd7,train,1.321986,98,1849,1311
qmof-f837f30,train,0.863569,77,1345,1312
qmof-009b656,train,0.473943,66,1116,1313
qmof-95fee54,train,3.40597,98,1791,1314
qmof-cb60298,train,4.801435,54,668,1315
qmof-182e007,train,0.26562,248,2704,1316
qmof-a8c8008,test,2.097417,180,2187,1317
qmof-6fbdeae,train,0.71451,56,542,1318
qmof-2f7f5e3,train,3.25223,78,1165,1319
qmof-2b10e5e,train,2.119228,64,493,1320
qmof-3aebfd2,train,2.647071,88,1592,1321
qmof-66b8c2b,val,2.494042,126,2349,1322
qmof-44da7b6,val,2.852542,48,792,1323
qmof-534fef5,train,1.156178,52,748,1324
qmof-b6d938a,train,0.417226,432,6708,1325
qmof-9af5a43,train,2.932672,176,2608,1326
qmof-75e182b,val,1.180615,80,1510,1327
qmof-9774d0c,train,2.894676,52,774,1328
qmof-5607eea,test,0.828385,46,578,1329
qmof-885c8fc,train,3.59302,70,1110,1330
qmof-c41123e,train,3.223852,52,816,1331
qmof-285770a,train,0.859428,138,1183,1332
qmof-3a1b292,train,0.882225,61,915,1333
qmof-37d4c1f,train,2.645915,150,1450,1334
qmof-0fa2384,val,2.098066,72,1147,1335
qmof-c15a2c8,train,2.962921,140,2540,1336
qmof-7915680,test,1.363478,158,1543,1337
qmof-b9d13e5,train,1.642098,96,1468,1338
qmof-1a6432f,train,2.036169,296,4714,1339
qmof-9bc384e,train,2.191439,92,1410,1340
qmof-c28fec8,train,1.193862,86,1368,1341
qmof-50169e9,test,1.534402,200,3472,1342
qmof-eae6585,test,2.474108,148,2378,1343
qmof-5682b27,test,3.761573,68,863,1344
qmof-d8d2250,test,2.495787,118,2065,1345
qmof-ffcaabe,val,4.902171,58,624,1346
qmof-d6024b8,val,2.075174,53,547,1347
qmof-23715f3,train,0.024653,348,6732,1348
qmof-0993d90,test,4.60324,136,2516,1349
qmof-4dfba06,test,3.079223,42,534,1350
qmof-7acc00d,train,1.086356,78,1279,1351
qmof-317089d,train,1.414641,98,1856,1352
qmof-49dc93d,train,4.670638,68,1304,1353
qmof-a6685ea,train,2.326431,158,1430,1354
qmof-cb5f8d9,val,1.147355,84,1630,1355
qmof-cc59fa2,test,3.346273,256,2504,1356
qmof-6ef2062,val,4.216405,78,1068,1357
qmof-f10ba6e,train,2.14369,132,1498,1358
qmof-00da3cc,val,0.428702,84,1468,1359
qmof-32c4af4,test,1.857452,328,4778,1360
qmof-14b40ea,train,0.724346,225,3469,1361
qmof-eacda82,train,1.583854,88,1469,1362
qmof-a27d77a,test,2.050185,144,1858,1363
qmof-45846c3,test,3.263956,100,1692,1364
qmof-6756c93,test,1.659008,94,1795,1365
qmof-151eb43,val,3.020595,58,1022,1366
qmof-3dcb1ed,test,0.942803,150,2685,1367
qmof-230775a,train,2.38576,268,3934,1368
qmof-bdca995,train,2.174566,250,3851,1369
qmof-c7c3bac,train,2.07271,228,1636,1370
qmof-6d5f5b1,train,2.208379,160,2530,1371
qmof-7ad5511,train,3.175361,100,1572,1372
qmof-c4408a8,train,2.095672,108,1672,1373
qmof-04a25d2,train,0.349519,50,484,1374
qmof-c8f72fc,val,1.31748,140,2071,1375
qmof-702a0a9,train,2.566747,112,1821,1376
qmof-8bcc15f,val,2.890281,452,4594,1377
qmof-237cfe7,train,2.398017,402,5772,1378
qmof-e0d0d89,test,0.381916,78,1252,1379
qmof-326b951,val,3.519472,56,826,1380
qmof-18e13b8,train,0.608252,87,1387,1381
qmof-fc5343a,train,1.92003,106,1890,1382
qmof-e34c36e,train,0.884044,82,727,1383
qmof-55822fa,train,1.467788,114,890,1384
qmof-62f1dcc,train,2.593173,71,1231,1385
qmof-6cb5e16,test,0.77958,136,2111,1386
qmof-2a7135e,test,2.557411,52,813,1387
qmof-de4c4e1,test,2.184635,104,1024,1388
qmof-fedf897,train,0.344423,126,1853,1389
qmof-f78833d,train,1.351871,134,1178,1390
qmof-28e7dd1,train,1.768445,312,3574,1391
qmof-4913f79,test,2.940548,96,1507,1392
qmof-a28fd01,train,0.843438,82,1519,1393
qmof-2e54a3e,val,2.575562,92,1604,1394
qmof-573e45d,train,1.829975,118,884,1395
qmof-a9a00b7,train,1.420751,82,1094,1396
qmof-015ea49,train,2.510795,212,2920,1397
qmof-80c7415,val,3.046733,372,5788,1398
qmof-136a607,test,2.599678,128,1798,1399
qmof-f6041a7,train,2.097098,128,1631,1400
qmof-3f821f2,train,0.991715,62,1060,1401
qmof-e83ccff,train,1.928015,69,1165,1402
qmof-dd47331,train,2.201918,420,7911,1403
qmof-98009e1,val,2.359323,82,1421,1404
qmof-f3692c0,val,1.548213,114,1016,1405
qmof-9a836f6,val,2.10124,31,243,1406
qmof-0c33be9,train,0.929214,66,1254,1407
qmof-23a2940,train,2.419138,148,2472,1408
qmof-4ea4482,test,0.292197,400,5472,1409
qmof-50bd2e1,train,0.74921,80,1491,1410
qmof-d10a0f5,train,2.951367,52,694,1411
qmof-4f49da6,train,0.937132,84,1430,1412
qmof-67a153c,train,1.833132,124,1966,1413
qmof-b48a0a9,val,3.811992,52,743,1414
qmof-a5e17b9,train,0.179734,74,794,1415
qmof-448a49a,test,3.301126,108,1772,1416
qmof-5486f8c,train,0.894931,156,2284,1417
qmof-fd35c17,train,1.494704,72,1157,1418
qmof-3ea6cae,train,1.901284,140,1344,1419
qmof-0d463af,val,1.211695,92,1472,1420
qmof-9e8d12d,train,1.341154,92,1479,1421
qmof-1abf3bc,train,3.412957,98,1473,1422
qmof-e10b73b,train,2.165758,220,1516,1423
qmof-73e8273,train,3.085096,44,677,1424
qmof-f1bc215,train,2.002747,58,951,1425
qmof-f645d00,val,0.905023,58,842,1426
qmof-b7c1288,train,4.683999,92,1590,1427
qmof-55e124e,val,1.206708,66,1178,1428
qmof-769821d,val,3.049682,98,1724,1429
qmof-77e8a1f,train,0.918331,112,2304,1430
qmof-81c1d82,val,3.602286,140,2474,1431
qmof-bd7e00b,train,1.553214,124,1565,1432
qmof-247e926,test,2.975789,72,566,1433
qmof-e0ac9d9,train,3.497541,148,2358,1434
qmof-e0c423e,test,4.296242,78,1312,1435
qmof-ca683eb,train,1.104166,120,2282,1436
qmof-cc8c19f,val,2.373125,98,1762,1437
qmof-e6e8ebf,val,1.196882,244,3744,1438
qmof-14cf349,train,3.325674,108,1760,1439
qmof-626d837,train,1.765568,48,415,1440
qmof-2b1cdb0,val,1.793275,86,1417,1441
qmof-581ee35,train,3.428293,320,5872,1442
qmof-dfb5bc0,test,2.455705,80,1110,1443
qmof-f04c67c,val,4.195967,62,1088,1444
qmof-a5592dd,val,2.790388,52,458,1445
qmof-c1d9375,val,3.175822,88,1258,1446
qmof-eacac19,train,2.256823,84,1402,1447
qmof-150730f,train,3.695014,84,1416,1448
qmof-25d93fb,test,0.71095,192,3032,1449
qmof-211a3ec,train,2.908653,258,3490,1450
qmof-a8d67c2,test,2.365098,32,330,1451
qmof-450de13,train,1.506739,106,725,1452
qmof-e68f2b2,train,1.226623,60,1142,1453
qmof-2349dac,val,2.420835,212,1412,1454
qmof-8ba3a23,test,1.928388,160,1274,1455
qmof-33a8e8b,train,3.531896,128,1774,1456
qmof-dd6ea7a,val,2.613024,60,1046,1457
qmof-245b3af,test,1.42338,123,1373,1458
qmof-b16fea6,val,2.28756,220,1527,1459
qmof-eae2192,train,1.989969,114,1862,1460
qmof-298ff1b,train,2.235694,104,1911,1461
qmof-61bc52b,test,1.527768,180,2061,1462
qmof-0baeff6,test,3.735257,128,2472,1463
qmof-90d886e,val,1.424492,140,1196,1464
qmof-1b4a7d4,train,1.502323,82,1398,1465
qmof-0574750,train,3.230978,160,2480,1466
qmof-73a5875,train,3.175997,104,1516,1467
qmof-3a04018,train,2.764677,62,894,1468
qmof-6c8936d,train,2.051699,120,1392,1469
qmof-da61c3d,train,0.814395,64,947,1470
qmof-9747309,train,1.639965,108,1947,1471
qmof-3763142,val,2.320275,138,2024,1472
qmof-c933b3d,train,1.691402,216,3122,1473
qmof-3e9bb7b,train,2.507805,80,1138,1474
qmof-6a96bb3,train,1.709261,122,2194,1475
qmof-73820e5,train,1.991047,30,349,1476
qmof-1b44fef,train,1.014427,195,2985,1477
qmof-8e6c83a,train,2.907486,196,3480,1478
qmof-fa02d60,train,2.578476,92,1602,1479
qmof-68f6f0b,val,0.944823,102,1873,1480
qmof-e9a4825,train,2.946454,72,1055,1481
qmof-976b7ca,train,1.561894,110,1143,1482
qmof-7f24e48,test,0.340904,42,519,1483
qmof-80a1d61,train,2.420872,244,4054,1484
qmof-078ee16,val,2.068254,132,2193,1485
qmof-61502b5,val,2.319501,240,3000,1486
qmof-a47217e,train,0.994872,69,1177,1487
qmof-7370962,train,0.901401,68,738,1488
qmof-bad11d5,val,1.410069,146,2580,1489
qmof-df0aa6e,train,2.512337,56,907,1490
qmof-9cac9d3,train,0.01691,78,1337,1491
qmof-cb3e9e8,train,0.941149,70,1210,1492
qmof-ca0b113,train,2.462823,42,600,1493
qmof-d81ae1a,train,4.350624,90,1524,1494
qmof-7b2dc36,train,3.156411,264,4864,1495
qmof-8e34fd9,test,2.310103,50,350,1496
qmof-746261e,train,2.964112,172,2805,1497
qmof-c0bb078,train,0.924243,94,1557,1498
qmof-4f07eba,test,1.670797,52,618,1499
qmof-a1c8920,val,0.989041,106,897,1500
qmof-818031e,test,1.51244,66,843,1501
qmof-3c6146b,train,3.085596,96,1402,1502
qmof-b0602aa,train,0.788206,126,1813,1503
qmof-f57bb3b,train,0.139521,65,1025,1504
qmof-8030fac,train,0.983467,35,396,1505
qmof-0daa435,test,1.287427,140,1609,1506
qmof-1497a17,train,0.863729,92,1628,1507
qmof-2d358d1,train,2.061502,87,1551,1508
qmof-8c5d275,test,1.278704,86,792,1509
qmof-911fbe9,val,4.208811,34,336,1510
qmof-2c2b344,val,4.558318,90,1356,1511
qmof-53ad432,val,2.74526,112,1779,1512
qmof-f0ff70c,train,1.73036,162,2304,1513
qmof-7e65c9f,train,2.321079,342,4746,1514
qmof-d00d150,train,2.726971,96,1480,1515
qmof-2beddb4,val,2.966256,136,2094,1516
qmof-9a989a4,train,2.28036,164,2520,1517
qmof-5361c4e,train,2.755485,136,1628,1518
qmof-130d8c4,train,3.048302,82,1174,1519
qmof-8c157d2,train,1.726613,114,2146,1520
qmof-06aee44,train,2.08598,150,2590,1521
qmof-f11cf25,test,4.585031,25,300,1522
qmof-e64eb2b,train,0.833691,88,776,1523
qmof-f1d156e,train,0.406535,324,3198,1524
qmof-9c7b613,train,3.191242,58,985,1525
qmof-3974d91,train,1.548261,73,1485,1526
qmof-606fada,test,2.922356,132,2436,1527
qmof-251851e,train,3.800509,136,2008,1528
qmof-ac18ff1,train,2.81743,132,2456,1529
qmof-6b7db42,val,3.342842,68,1058,1530
qmof-75cdf73,train,2.789709,258,2530,1531
qmof-fc85ca5,val,3.216944,104,1488,1532
qmof-bee6746,train,2.959957,80,962,1533
qmof-6bdb3b0,train,4.559576,48,696,1534
qmof-f838323,train,4.742335,68,1136,1535
qmof-bdb3b9f,train,1.627371,156,1466,1536
qmof-d5f5593,val,2.836343,120,1814,1537
qmof-fb68eb8,train,2.071217,82,722,1538
qmof-1d7abc8,val,1.122049,78,627,1539
qmof-8e4a100,train,1.624697,144,2530,1540
qmof-629f821,train,3.790627,104,1746,1541
qmof-760e8d9,test,1.565833,92,1290,1542
qmof-0d3a2c8,train,2.935419,84,1476,1543
qmof-e4a01cc,train,2.759807,164,1368,1544
qmof-50c5905,train,0.002282,50,827,1545
qmof-708e4d8,val,4.03217,96,1070,1546
qmof-3ae6dad,train,2.517591,186,1810,1547
qmof-0993e19,val,1.772057,192,2186,1548
qmof-647cdef,train,1.663926,106,1200,1549
qmof-2016868,train,2.249489,107,2154,1550
qmof-65cbaf5,train,0.826035,84,1372,1551
qmof-6e4326e,val,1.253649,112,1956,1552
qmof-7ffe660,train,2.58063,70,1270,1553
qmof-f982c5a,val,0.779498,40,655,1554
qmof-d9f6091,train,1.941031,300,3708,1555
qmof-54d770c,train,3.824174,82,744,1556
qmof-1802001,train,1.816042,360,6026,1557
qmof-15c4a0c,train,0.434409,248,3954,1558
qmof-6b29b88,train,1.251265,30,426,1559
qmof-7d2356b,train,2.279336,86,1394,1560
qmof-3370ec9,train,3.565102,48,710,1561
qmof-d58a816,test,3.351184,220,3444,1562
qmof-ad50634,train,1.439021,104,1648,1563
qmof-fc1e938,train,2.205721,130,2340,1564
qmof-3074f36,train,3.20917,74,1424,1565
qmof-c6b05ae,train,1.991747,122,2205,1566
qmof-47bbdd7,train,0.852857,64,704,1567
qmof-6f3a9f6,train,3.694833,50,829,1568
qmof-f342182,test,1.691792,136,2364,1569
qmof-531c126,test,0.846064,40,498,1570
qmof-c8a0720,train,2.121079,114,1834,1571
qmof-4071219,train,2.742326,58,892,1572
qmof-8c3516d,train,4.626792,44,470,1573
qmof-4def5e6,train,0.620715,24,260,1574
qmof-740601d,train,3.480814,38,460,1575
qmof-6fc5c1b,val,0.392133,38,390,1576
qmof-01ae350,train,3.431359,123,706,1577
qmof-1db97cf,train,3.103812,50,376,1578
qmof-08da5c1,test,0.795774,136,2308,1579
qmof-8c76d42,train,0.695704,42,690,1580
qmof-5bd2003,train,1.617319,58,643,1581
qmof-d6e0710,train,2.809306,132,1978,1582
qmof-b5c2834,train,0.895138,188,2616,1583
qmof-ab4fc49,train,0.948522,46,611,1584
qmof-68f3526,val,1.857852,46,503,1585
qmof-f088d9c,train,2.906425,42,588,1586
qmof-cd372a1,train,2.205952,96,1851,1587
qmof-779ce9c,train,1.917039,96,1504,1588
qmof-658d64a,train,2.693874,124,1828,1589
qmof-a1e0b3b,test,2.298416,44,447,1590
qmof-2f63607,train,1.941192,104,1728,1591
qmof-7a15af1,train,0.412758,84,954,1592
qmof-daed87b,train,2.200421,56,506,1593
qmof-da53b42,train,2.437674,74,1388,1594
qmof-80be546,train,1.295464,31,248,1595
qmof-3a7ba2f,train,3.092685,60,988,1596
qmof-46c0e50,train,2.284629,90,966,1597
qmof-1d3b3d3,train,2.699054,58,1023,1598
qmof-ba9d6d9,val,0.713076,92,1584,1599
qmof-31a720c,test,0.939188,80,1438,1600
qmof-3bf43db,train,2.425974,232,3780,1601
qmof-9f3340e,train,2.108443,17,135,1602
qmof-b76665a,train,2.321594,63,1117,1603
qmof-fd4212d,train,4.239919,70,1184,1604
qmof-f7232de,train,0.449452,202,2294,1605
qmof-a97dbc4,train,2.582064,76,1130,1606
qmof-1de31d5,val,3.030782,124,2387,1607
qmof-a123871,train,0.883911,60,1123,1608
qmof-11cf4b9,train,2.022477,106,2069,1609
qmof-f72037b,train,3.078704,208,2702,1610
qmof-a7d01cd,train,2.354721,200,2264,1611
qmof-0a41075,val,3.033346,256,4385,1612
qmof-6a4604e,train,3.367191,113,1963,1613
qmof-9dedbbd,train,3.175296,68,558,1614
qmof-774a757,test,0.289799,49,878,1615
qmof-2adaa41,test,3.064338,108,1650,1616
qmof-008e52d,train,4.460011,94,1691,1617
qmof-6f89314,val,1.070125,74,769,1618
qmof-182e268,train,0.832446,96,904,1619
qmof-aca9816,train,3.163834,76,1382,1620
qmof-898e6ca,train,0.276832,174,2021,1621
qmof-098256e,test,0.899702,112,1897,1622
qmof-ca5a1e7,train,1.928256,45,731,1623
qmof-8b7c863,test,0.105936,162,2021,1624
qmof-c1e8e4d,val,0.796453,72,1284,1625
qmof-5eabff0,train,0.471438,96,1444,1626
qmof-a3d03e6,train,2.161688,94,1737,1627
qmof-9174c13,train,0.924405,85,1230,1628
qmof-b97ea32,train,2.553352,126,2196,1629
qmof-9b4b8a0,test,0.668487,92,1428,1630
qmof-103e2b6,train,2.240003,64,840,1631
qmof-057afa8,train,2.749878,86,1575,1632
qmof-6f53b55,train,2.159142,80,619,1633
qmof-8491731,train,0.893764,100,1882,1634
qmof-8a38035,train,2.39824,50,465,1635
qmof-4ad722a,train,3.072745,138,2411,1636
qmof-f547d31,train,0.50241,336,4964,1637
qmof-4f9fefd,train,3.259545,130,1063,1638
qmof-a2f1b66,train,3.129499,81,1316,1639
qmof-e6c4516,train,0.298333,160,2278,1640
qmof-5b10b0b,train,0.775987,106,1646,1641
qmof-5904229,train,2.603562,66,982,1642
qmof-d049b42,train,2.756767,132,1882,1643
qmof-9c487ce,train,3.583251,74,1126,1644
qmof-70563b9,train,2.331473,114,2167,1645
qmof-9fb6152,val,1.209064,216,3774,1646
qmof-cb391ec,train,2.389474,52,984,1647
qmof-1cfb0f0,train,3.496125,136,1880,1648
qmof-e125d99,train,1.320966,56,822,1649
qmof-6cce137,val,3.619088,70,1220,1650
qmof-1ec4804,train,1.438676,52,919,1651
qmof-f3e9eb2,train,1.368865,32,407,1652
qmof-6797aee,train,2.696698,108,1372,1653
qmof-27e2c83,train,1.204122,54,506,1654
qmof-0a7aaf1,val,4.028255,148,2384,1655
qmof-aa5700f,train,2.585776,72,1103,1656
qmof-56d35fa,val,0.903804,212,4026,1657
qmof-e209021,train,3.116439,90,1388,1658
qmof-05a5129,train,2.607392,92,884,1659
qmof-1eee5dc,train,0.82982,182,2358,1660
qmof-6649712,train,2.636608,148,1814,1661
qmof-c246a61,test,0.701511,33,432,1662
qmof-85aea29,train,2.101411,40,394,1663
qmof-71cb066,val,3.004143,228,3270,1664
qmof-b63ba6c,train,2.41466,140,1478,1665
qmof-692476b,test,2.913765,132,2250,1666
qmof-c4f7333,test,3.233922,53,862,1667
qmof-c4088f1,train,3.279712,68,972,1668
qmof-976a1e2,test,1.096493,48,674,1669
qmof-141ad7b,train,2.223014,132,1194,1670
qmof-3bda7fc,train,0.96611,64,1220,1671
qmof-807d57a,train,1.893038,112,2130,1672
qmof-905f6f5,train,1.080804,28,200,1673
qmof-0c240a1,train,3.037298,96,1498,1674
qmof-602a53e,val,1.678163,66,918,1675
qmof-f28268c,train,2.707168,34,480,1676
qmof-d2ddfa4,train,0.730922,88,1744,1677
qmof-425ee31,train,1.803538,43,424,1678
qmof-5d93570,test,1.217092,130,1784,1679
qmof-f053170,train,4.869846,36,543,1680
qmof-49f5ae1,train,1.654002,34,377,1681
qmof-679e2ca,train,5.603138,60,653,1682
qmof-413f421,test,2.923458,86,1464,1683
qmof-9c45fa9,test,2.460238,74,696,1684
qmof-340ce3d,test,0.441272,80,1298,1685
qmof-0d90510,train,2.811213,272,3768,1686
qmof-68010e6,train,0.932071,56,481,1687
qmof-7203761,val,0.68549,225,3505,1688
qmof-e7b2d45,train,0.99258,308,3736,1689
qmof-68a928b,train,2.418225,76,1002,1690
qmof-4d9614e,train,0.171691,138,2084,1691
qmof-4ad733e,train,2.504173,77,588,1692
qmof-bde20a7,train,0.165184,178,1604,1693
qmof-b156f80,train,3.262954,112,1692,1694
qmof-17796cb,train,0.109453,130,1346,1695
qmof-9576ffc,test,1.196213,160,1342,1696
qmof-42129bc,train,2.115108,96,1712,1697
qmof-c3fa563,train,0.004696,24,240,1698
qmof-3c2a00c,val,0.410749,96,1898,1699
qmof-55ca6c9,train,1.640215,80,1098,1700
qmof-3a3b856,val,2.419392,130,2380,1701
qmof-bbb6f1d,train,0.907084,96,1863,1702
qmof-4c113e7,test,3.877264,78,1408,1703
qmof-05dadc1,train,4.556513,88,1822,1704
qmof-6040f6b,train,1.161392,76,1251,1705
qmof-633c6b8,test,2.15525,70,970,1706
qmof-fa0e5b1,train,1.439168,224,3528,1707
qmof-d9a8e7a,train,3.043549,56,585,1708
qmof-aac899c,test,0.773644,62,1113,1709
qmof-622dc6a,train,0.577697,104,1912,1710
qmof-2235ac6,test,1.244938,96,1602,1711
qmof-e428070,train,5.054623,68,1138,1712
qmof-3f60c96,train,2.015606,142,1110,1713
qmof-5c1b397,val,2.659493,96,1022,1714
qmof-88c8b46,train,0.379004,128,1672,1715
qmof-b38f5d3,train,0.835163,198,2104,1716
qmof-63cb6eb,train,0.905744,49,943,1717
qmof-e494792,val,0.647796,136,1978,1718
qmof-56e2ef4,train,4.080335,106,1725,1719
qmof-0006638,train,3.979975,64,676,1720
qmof-5508e61,train,2.818209,116,2122,1721
qmof-2263045,test,0.156785,60,678,1722
qmof-0e116bf,train,0.458617,94,1554,1723
qmof-4ee9dbb,train,1.729297,90,1396,1724
qmof-a1ffa2e,train,2.763762,65,1022,1725
qmof-02c07e3,train,1.636932,44,441,1726
qmof-aa014ee,train,0.870585,34,240,1727
qmof-1f296b4,train,3.798401,150,2382,1728
qmof-0918da7,train,1.495877,74,804,1729
qmof-b089614,train,0.350889,100,834,1730
qmof-290194d,train,3.505361,56,990,1731
qmof-6898ab9,train,1.292567,76,1067,1732
qmof-044adae,train,2.081453,110,1878,1733
qmof-6172dac,train,2.305311,160,1550,1734
qmof-df9cac4,train,0.758717,68,582,1735
qmof-efe570d,train,2.661675,132,2370,1736
qmof-3e18738,train,2.14923,38,413,1737
qmof-170e722,val,3.344896,80,972,1738
qmof-71287ea,train,3.334991,82,1102,1739
qmof-6b33db5,test,2.261503,118,2272,1740
qmof-a7b0d73,train,3.03573,118,1866,1741
qmof-32f3cb0,train,0.238069,54,788,1742
qmof-befef5a,train,2.573299,236,3958,1743
qmof-c7f2375,train,1.098963,154,1239,1744
qmof-11c14b0,val,2.500432,48,716,1745
qmof-b8332ed,train,1.95908,168,1763,1746
qmof-6e9bf4e,train,2.202673,320,3519,1747
qmof-70f59fa,train,0.97982,70,1194,1748
qmof-8a963fe,test,2.704474,128,2000,1749
qmof-a020491,train,2.729329,78,1087,1750
qmof-abb0c43,train,0.98384,110,1009,1751
qmof-fb2596f,train,0.830833,120,1886,1752
qmof-f077716,val,1.640774,82,1420,1753
qmof-34822c6,test,3.824854,92,1269,1754
qmof-2bda94a,train,3.100099,82,1208,1755
qmof-b7ca690,train,2.454835,96,963,1756
qmof-82f8bae,train,1.712048,103,878,1757
qmof-cf374fe,train,0.813528,142,1363,1758
qmof-a0704ae,train,3.169451,200,2480,1759
qmof-dfd9a82,val,3.108165,200,3272,1760
qmof-b1fae08,train,1.662443,208,3435,1761
qmof-1cb7973,train,2.250025,70,1160,1762
qmof-1ac9244,train,4.512455,94,1848,1763
qmof-bc7f882,val,2.566855,48,406,1764
qmof-2fe9d9b,train,1.062784,144,2274,1765
qmof-248a9de,train,1.976392,178,1661,1766
qmof-165aee3,val,3.226394,92,1648,1767
qmof-0f0c1d0,train,5.184209,44,588,1768
qmof-12e5fd9,train,2.836758,104,921,1769
qmof-983f779,train,1.937895,136,2230,1770
qmof-b001a65,train,1.779954,72,958,1771
qmof-18e6c5c,train,2.144796,200,3425,1772
qmof-462668c,train,3.014119,42,593,1773
qmof-3927138,train,0.659138,64,882,1774
qmof-4b36f84,train,2.85229,208,2688,1775
qmof-6ae77da,train,0.666484,188,2872,1776
qmof-446f371,train,2.056732,144,1661,1777
qmof-6203b43,train,2.739269,96,1492,1778
qmof-71e58ff,train,0.855061,38,453,1779
qmof-6915213,train,0.615059,108,1364,1780
qmof-3fc1e9c,train,2.507527,72,1260,1781
qmof-a32a727,train,1.39667,276,4532,1782
qmof-5e98a79,train,2.840681,96,1603,1783
qmof-9c2a24b,train,3.060522,216,2736,1784
qmof-76aa393,train,4.939341,110,1926,1785
qmof-b396375,train,0.299808,72,915,1786
qmof-42a8827,train,1.27227,203,2201,1787
qmof-98be2f1,train,0.700754,58,728,1788
qmof-d062e47,val,3.219572,94,1698,1789
qmof-1e0cc1b,train,4.320067,234,4932,1790
qmof-8d7eb31,train,1.759771,128,2004,1791
qmof-8bb4c72,val,2.479241,48,546,1792
qmof-8126366,val,2.129368,80,694,1793
qmof-fa9db14,train,3.381671,100,1780,1794
qmof-71d9329,train,0.618928,48,684,1795
qmof-de86b8a,train,2.461489,126,729,1796
qmof-f5289d1,train,0.129044,128,908,1797
qmof-4216ae0,test,2.46362,76,1336,1798
qmof-f228632,test,3.837828,112,1752,1799
qmof-28ef1e5,train,2.667388,174,2682,1800
qmof-099a4fe,test,1.382269,28,240,1801
qmof-04009cb,train,3.447736,76,828,1802
qmof-cbe4817,train,2.691751,44,438,1803
qmof-02aac8c,train,2.514025,100,1506,1804
qmof-3646488,test,0.177864,91,1602,1805
qmof-a12ff29,train,0.24789,100,1216,1806
qmof-cb092ca,train,0.611379,56,758,1807
qmof-b4e92f2,val,2.426638,129,2261,1808
qmof-3b3cb71,train,2.991353,112,1568,1809
qmof-eb05844,train,1.981485,136,1680,1810
qmof-890c483,test,1.985406,132,2370,1811
qmof-3b6ad64,train,4.566596,44,706,1812
qmof-7980106,val,0.547882,90,1764,1813
qmof-81ffe5f,train,1.858947,66,986,1814
qmof-f1f9075,train,1.11381,104,815,1815
qmof-0cf7471,val,1.667857,102,1760,1816
qmof-cc7bad5,test,2.892551,296,3544,1817
qmof-f3cb633,train,1.929471,216,3112,1818
qmof-1bdd9b2,train,2.476758,132,2214,1819
qmof-26de522,train,3.974041,204,2700,1820
qmof-991aa32,train,3.316335,116,1724,1821
qmof-b7e5ebc,val,2.062462,52,591,1822
qmof-3ecc302,train,4.429015,100,2038,1823
qmof-e256739,train,2.917811,74,1296,1824
qmof-e40b980,train,2.756901,88,1617,1825
qmof-3f9c4e1,val,1.775864,102,1749,1826
qmof-4021069,train,1.453044,162,2621,1827
qmof-5770794,train,0.042432,34,483,1828
qmof-19ecdb0,train,1.283021,61,1025,1829
qmof-6fb2465,train,3.162099,98,1639,1830
qmof-0f69a48,val,0.829627,150,2575,1831
qmof-dca107d,train,1.974789,68,1020,1832
qmof-b36de89,train,0.845819,110,1910,1833
qmof-85f74c8,train,2.221632,152,2258,1834
qmof-d8c5293,val,2.815563,104,1200,1835
qmof-12c6f50,test,0.211658,134,1966,1836
qmof-f37c2f5,train,2.405187,48,767,1837
qmof-6d7fa4e,train,3.096677,116,1904,1838
qmof-24ebfb1,train,1.7541,174,1740,1839
qmof-197ad3f,train,0.153444,84,753,1840
qmof-dfef72a,train,2.746417,86,1561,1841
qmof-3620829,test,1.309946,134,1349,1842
qmof-f48c65c,train,3.526949,99,953,1843
qmof-564a4e1,train,2.711251,116,1382,1844
qmof-0caf0c5,train,2.823835,72,1262,1845
qmof-2a3e035,val,1.405301,124,2406,1846
qmof-baa1c34,train,3.704047,45,495,1847
qmof-d9c6d97,train,1.241953,146,2287,1848
qmof-576be06,train,3.36017,70,1150,1849
qmof-9dc3f95,train,3.077385,80,1036,1850
qmof-a6ce113,val,1.80642,120,1920,1851
qmof-6253944,train,2.777533,108,1799,1852
qmof-87a0280,train,2.038372,164,2740,1853
qmof-0523aea,val,2.869237,112,1558,1854
qmof-02d74bc,test,2.500518,43,460,1855
qmof-4b8c0f7,train,2.715545,110,1704,1856
qmof-201af6e,train,1.948981,220,2404,1857
qmof-e312e94,test,0.409492,100,1697,1858
qmof-8e66c1e,train,1.395844,91,1628,1859
qmof-03cca0a,train,0.939669,116,2062,1860
qmof-d76ea7b,val,1.29365,184,2110,1861
qmof-e049710,train,0.768659,100,1672,1862
qmof-5cea606,train,0.265352,62,711,1863
qmof-8abf698,train,3.124207,184,2099,1864
qmof-4432ff1,test,4.180789,100,1364,1865
qmof-22baac9,val,1.180901,160,1641,1866
qmof-36e6f89,train,0.943089,264,4242,1867
qmof-6071ce7,train,0.244412,34,451,1868
qmof-b273f7c,train,2.882129,76,1240,1869
qmof-a5cf871,val,2.803675,64,710,1870
qmof-762fe76,train,2.466567,220,3406,1871
qmof-10e0b8f,train,0.42281,138,1670,1872
qmof-ba27e2c,val,2.900495,138,2178,1873
qmof-a130e54,test,2.738839,198,3858,1874
qmof-52b8268,train,2.168635,116,2050,1875
qmof-fa3ac58,train,0.542565,237,4118,1876
qmof-dafbfa1,train,0.358353,105,1639,1877
qmof-d11b670,train,3.00209,72,1062,1878
qmof-e2b4bb5,test,2.179996,216,1442,1879
qmof-e49ee2a,train,1.816142,94,1747,1880
qmof-6eefd42,train,2.810123,196,1935,1881
qmof-97c430f,val,0.07909,36,450,1882
qmof-bec6538,train,0.811655,124,2182,1883
qmof-9444e9b,train,3.145593,62,991,1884
qmof-3749d3e,train,0.726487,86,1344,1885
qmof-68ccdc0,test,2.130637,89,1610,1886
qmof-82af598,train,3.183892,62,962,1887
qmof-4615dbd,train,1.30361,98,950,1888
qmof-fe6d194,train,4.155533,44,698,1889
qmof-f0aa616,test,2.269719,71,719,1890
qmof-324f46d,test,3.109304,96,1376,1891
qmof-2c4c625,train,0.690248,144,2808,1892
qmof-47dde23,train,0.940859,128,2376,1893
qmof-2bdd6ef,test,0.911351,72,596,1894
qmof-192c920,train,3.274648,92,1468,1895
qmof-bf1dda8,test,2.683213,264,4558,1896
qmof-23096ab,train,2.803884,98,1749,1897
qmof-b2efa13,train,3.033287,196,2848,1898
qmof-d29cec2,train,1.62719,70,477,1899
qmof-12ba7bc,val,0.5946,100,1667,1900
qmof-875aaeb,val,4.009788,138,1651,1901
qmof-2831c65,train,2.49549,113,1004,1902
qmof-f8c1b29,train,0.92978,54,728,1903
qmof-d54da7b,val,2.543207,84,1553,1904
qmof-713cbf1,train,3.509188,61,945,1905
qmof-a6fa008,train,2.25181,144,1946,1906
qmof-9dd8102,train,3.142762,96,1800,1907
qmof-897f0d9,train,0.798382,108,1849,1908
qmof-7b06c57,test,0.822436,44,694,1909
qmof-af122ad,train,1.99251,110,1812,1910
qmof-3505271,train,2.651794,58,1008,1911
qmof-18add0a,val,2.598612,50,508,1912
qmof-a132e45,val,2.178077,84,1495,1913
qmof-e8f2cbb,train,0.766394,204,3158,1914
qmof-0b9c9b5,train,0.950252,36,405,1915
qmof-006f9b7,train,1.104624,66,806,1916
qmof-d65a0ec,train,1.052112,76,1481,1917
qmof-44afbcd,val,0.097284,90,1378,1918
qmof-918b373,test,4.283993,69,1111,1919
qmof-2cd5ebd,train,3.68737,52,960,1920
qmof-608d619,test,2.423747,60,926,1921
qmof-9ca5469,test,0.532166,79,1124,1922
qmof-e4d85d4,train,4.893399,44,586,1923
qmof-30e8867,train,2.19752,116,1858,1924
qmof-3a62371,train,3.215321,38,466,1925
qmof-7ae7339,train,2.834535,134,2356,1926
qmof-23af1a9,train,3.202887,56,730,1927
qmof-9b21ed3,train,2.252883,56,556,1928
qmof-6d9d540,train,2.070756,74,1207,1929
qmof-0338cb2,test,2.604306,96,1318,1930
qmof-343cdba,train,2.580002,112,1822,1931
qmof-f32d2f0,train,3.327677,132,1884,1932
qmof-3fac439,train,1.749913,92,1228,1933
qmof-c018ace,val,3.308469,150,2615,1934
qmof-7993762,val,1.687805,216,2698,1935
qmof-ff5cabd,train,1.535752,136,2627,1936
qmof-35a16f0,train,2.388984,134,2602,1937
qmof-2a0aeea,train,2.538801,136,1956,1938
qmof-3503fd0,train,3.537555,84,1426,1939
qmof-d4f6af2,val,0.303439,114,1629,1940
qmof-5e115f0,val,2.222789,140,2455,1941
qmof-0582ec7,train,2.225473,144,2504,1942
qmof-f49aefb,train,2.799188,136,2158,1943
qmof-e28dafe,test,1.948596,80,1070,1944
qmof-dcebb7c,train,3.153263,44,730,1945
qmof-8fef316,train,2.725507,66,1148,1946
qmof-55e600e,train,2.965851,82,1056,1947
qmof-0954b37,test,2.060027,134,2286,1948
qmof-de066b7,train,2.650008,92,1230,1949
qmof-4975eb9,train,2.656472,78,1230,1950
qmof-131b24c,val,2.690992,76,1126,1951
qmof-872f192,test,2.191146,68,1004,1952
qmof-b7bdda5,train,2.890317,146,2391,1953
qmof-204bfd2,val,1.020044,46,697,1954
qmof-8663e62,train,1.591708,150,2722,1955
qmof-b420251,train,0.327809,61,1091,1956
qmof-dbc50ec,val,2.99294,118,1332,1957
qmof-284c1aa,test,1.296323,82,1182,1958
qmof-33579d3,test,2.026399,256,3694,1959
qmof-fc713a7,train,1.17581,66,1035,1960
qmof-bcdc0ff,train,1.178778,90,1391,1961
qmof-c41e374,test,1.82642,46,617,1962
qmof-56a86e6,train,2.086142,276,4525,1963
qmof-41a421b,train,0.934047,85,1372,1964
qmof-e6ecf01,train,3.325606,328,4778,1965
qmof-7b05a3b,val,0.733501,48,556,1966
qmof-282f987,test,0.056404,50,690,1967
qmof-ed34559,train,1.790585,164,2864,1968
qmof-182f378,train,4.223249,148,2648,1969
qmof-8797c78,val,0.924646,114,1078,1970
qmof-1bf4f41,train,3.435651,66,1007,1971
qmof-6863435,train,3.612853,60,1044,1972
qmof-f191a19,train,1.9358,146,2045,1973
qmof-c8e0d0c,test,1.387797,76,868,1974
qmof-efd24b7,train,2.064572,216,1470,1975
qmof-2593f7a,train,0.990771,192,3268,1976
qmof-5044200,train,1.981063,488,7164,1977
qmof-4d978c3,train,1.440563,204,2113,1978
qmof-727c7c1,train,3.318657,88,627,1979
qmof-a45077f,train,0.20784,80,1183,1980
qmof-3aea4c9,val,2.761342,258,2518,1981
qmof-343c776,train,0.363309,180,2742,1982
qmof-7f68dde,train,2.563398,94,1598,1983
qmof-a33e313,test,2.570928,148,753,1984
qmof-3010cb1,train,1.292439,158,1490,1985
qmof-a433ce3,train,2.543273,428,6562,1986
qmof-b250c9b,test,1.565463,38,337,1987
qmof-b1f611b,train,4.9297,102,1811,1988
qmof-cc37fc3,test,0.108143,38,562,1989
qmof-c80cf5d,test,2.15556,380,3310,1990
qmof-c26f0a1,train,0.821535,146,1476,1991
qmof-dc59205,test,3.016123,104,1642,1992
qmof-fdf90e2,train,2.823943,67,924,1993
qmof-4b810e7,train,2.622316,132,2082,1994
qmof-3390755,val,2.575725,72,1210,1995
qmof-da2b203,test,2.63918,104,1693,1996
qmof-6e4f021,train,1.600046,270,3954,1997
qmof-b116057,val,2.439603,84,1260,1998
qmof-5dd5f1f,test,2.972506,82,1421,1999
qmof-18bb58c,val,3.188762,148,2859,2000
qmof-df4acb0,train,0.516231,42,518,2001
qmof-8fc0c9f,train,1.928658,74,1203,2002
qmof-3e88a85,train,2.487427,256,3784,2003
qmof-a1d1c28,train,0.979442,120,2046,2004
qmof-3a40928,test,2.515869,50,544,2005
qmof-b1632e7,val,0.637679,62,799,2006
qmof-9ef7236,train,1.563133,53,872,2007
qmof-ece7ed8,train,0.289208,34,523,2008
qmof-68380f0,train,3.117824,100,1698,2009
qmof-387f942,train,2.383296,56,870,2010
qmof-9507439,train,0.590543,260,3366,2011
qmof-b733275,val,1.424102,92,839,2012
qmof-d02ff27,test,2.556304,99,1464,2013
qmof-2286cb0,val,1.487114,72,1184,2014
qmof-11836ed,train,2.877665,62,892,2015
qmof-99760ed,train,4.429996,106,1806,2016
qmof-5bd7e70,train,3.001703,94,1172,2017
qmof-78e92bb,train,2.579808,98,1854,2018
qmof-b30e8a7,train,2.773665,152,2128,2019
qmof-091c239,train,2.024786,28,362,2020
qmof-357e9e5,train,3.562522,78,1041,2021
qmof-762f2c9,train,2.842611,118,1030,2022
qmof-308748b,val,3.331161,174,2320,2023
qmof-d73a212,test,3.136445,138,2196,2024
qmof-5e6affb,train,3.039997,37,447,2025
qmof-d589613,train,1.871764,74,1207,2026
qmof-fd44160,train,1.229225,78,673,2027
qmof-83a2b21,train,2.018643,208,3248,2028
qmof-fbb7ac3,val,2.977096,204,1248,2029
qmof-af4297c,test,0.666456,66,1219,2030
qmof-8fa9c85,train,1.212902,98,1700,2031
qmof-2f29597,val,3.386603,176,2530,2032
qmof-5ac24ac,train,3.485854,80,1146,2033
qmof-b38655c,train,2.640746,100,1926,2034
qmof-e62ff7c,val,3.050052,64,942,2035
qmof-0a53ef7,train,2.337166,84,1267,2036
qmof-0166122,val,0.78824,162,1150,2037
qmof-33e59e9,train,4.832323,78,1095,2038
qmof-fa70d03,train,3.019406,124,2182,2039
qmof-023c9e6,test,2.985057,92,1818,2040
qmof-fd2113b,train,2.437252,126,2228,2041
qmof-a4fe5d7,test,0.633794,80,1501,2042
qmof-757cf9f,train,0.830083,63,1076,2043
qmof-393c416,train,2.213224,464,6808,2044
qmof-0b653b1,train,1.876479,180,2866,2045
qmof-8713184,test,3.261107,40,621,2046
qmof-eaee57b,train,2.607174,376,5640,2047
qmof-f755f31,train,3.17072,58,1072,2048
qmof-0091475,train,1.239612,30,261,2049
qmof-b8022fd,train,2.307653,72,948,2050
qmof-8eeb480,train,2.322943,136,2068,2051
qmof-ff9a007,train,2.683694,64,922,2052
qmof-775264c,train,2.855191,133,1562,2053
qmof-dbc27ec,val,1.103182,110,1739,2054
qmof-c08687d,train,3.294343,144,1952,2055
qmof-56a6574,train,2.971935,96,1524,2056
qmof-d4efb4b,train,0.879427,71,1362,2057
qmof-ddf635d,train,4.020153,129,1989,2058
qmof-f0feb86,test,2.054881,396,4986,2059
qmof-4774c35,test,1.259361,140,2256,2060
qmof-85110e8,test,0.533115,272,2919,2061
qmof-3b2068c,train,3.079619,234,4204,2062
qmof-0e5e7e0,train,0.48107,110,1816,2063
qmof-8482176,val,2.945598,148,2556,2064
qmof-ac38828,train,1.113279,56,784,2065
qmof-bbdb65b,train,1.136845,132,1456,2066
qmof-e169062,train,3.946346,92,1112,2067
qmof-511e8da,train,0.938665,125,2349,2068
qmof-01ddc61,val,2.34464,98,1822,2069
qmof-72d3a49,test,2.268957,136,2138,2070
qmof-c2422d6,val,3.40213,486,8422,2071
qmof-413fe22,train,2.765087,47,505,2072
qmof-5e989c6,val,2.59808,114,2132,2073
qmof-c93c7ae,train,2.867359,92,1603,2074
qmof-e50120c,train,1.406035,69,1021,2075
qmof-f59ae17,train,2.895091,159,2709,2076
qmof-5b5965b,train,2.782911,102,1580,2077
qmof-06f215e,train,1.972027,56,1010,2078
qmof-02d0b18,train,1.872541,60,600,2079
qmof-81946c9,train,2.684574,96,1484,2080
qmof-1fcb8db,val,1.533517,134,2310,2081
qmof-94eb142,train,0.731771,80,1080,2082
qmof-1700e53,test,4.055129,86,1703,2083
qmof-195ef6a,test,0.66913,44,446,2084
qmof-f6f9b84,train,0.304607,33,299,2085
qmof-f26f35e,test,1.860081,140,1607,2086
qmof-f778d7c,val,4.275162,80,1612,2087
qmof-f45d6cf,train,2.5482,194,1928,2088
qmof-cf09259,train,0.68257,219,3336,2089
qmof-f01442f,train,0.477104,41,616,2090
qmof-d57448c,train,0.925239,72,606,2091
qmof-c579bff,train,4.637073,88,1660,2092
qmof-3fc9985,train,2.881172,348,4404,2093
qmof-d246998,val,2.584035,132,1093,2094
qmof-aa7ff00,val,1.948491,96,1412,2095
qmof-fac48cb,train,0.857797,62,1074,2096
qmof-92bf34f,train,2.447106,70,704,2097
qmof-1566e59,train,2.398041,72,1246,2098
qmof-a3d0c86,test,1.645761,94,1631,2099
qmof-611de0b,train,0.967921,59,771,2100
qmof-9b906f4,train,2.800841,144,2078,2101
qmof-73cc336,train,2.536175,84,1459,2102
qmof-62fdd4c,test,2.114062,46,752,2103
qmof-dab305c,val,2.86109,144,2284,2104
qmof-a7dad4f,val,2.880756,152,2550,2105
qmof-aa72c18,val,0.031467,76,1178,2106
qmof-ed13cd9,train,2.794261,79,1460,2107
qmof-83fd3d2,train,2.260654,76,1254,2108
qmof-bb03073,train,2.633313,124,2142,2109
qmof-3bba40c,train,2.374896,92,1000,2110
qmof-f758424,train,3.073407,146,2432,2111
qmof-330637a,val,0.901826,144,2084,2112
qmof-2cf5504,test,1.459197,130,1096,2113
qmof-11f5df1,train,0.961364,84,1535,2114
qmof-6d7fe34,train,0.922064,94,1644,2115
qmof-fb21497,train,2.984422,188,2970,2116
qmof-c3c94d3,train,1.439916,122,2122,2117
qmof-38fac1e,val,2.872503,184,2704,2118
qmof-0470d6b,train,3.555971,26,314,2119
qmof-65777fa,train,2.561345,104,1836,2120
qmof-9613d42,test,2.19592,106,1924,2121
qmof-fcceb2e,val,3.768161,96,1708,2122
qmof-8535569,train,3.698781,144,2538,2123
qmof-8690aad,train,3.419401,150,2778,2124
qmof-0e187ca,test,2.391719,98,1760,2125
qmof-ff7658b,val,2.445743,44,685,2126
qmof-f75eb5a,train,3.811159,34,346,2127
qmof-4a54aa8,val,0.90855,60,675,2128
qmof-e1901f7,train,2.921133,228,2547,2129
qmof-e16b9a1,train,3.176564,100,1852,2130
qmof-455e906,train,2.729294,60,664,2131
qmof-5f8bb84,train,1.33289,139,1642,2132
qmof-bce1fb6,train,3.316357,146,2618,2133
qmof-c11d02f,train,3.579077,120,2246,2134
qmof-f957853,test,3.192013,102,1882,2135
qmof-ca7241d,train,0.962245,94,1424,2136
qmof-d53fad7,test,2.763647,104,1799,2137
qmof-876342b,train,1.460222,93,690,2138
qmof-48c7a7e,val,2.086607,126,1143,2139
qmof-6259683,train,2.466531,82,1399,2140
qmof-9df80d1,train,0.996555,180,2344,2141
qmof-72eef08,train,1.782537,56,542,2142
qmof-0b08cba,train,1.389578,138,1282,2143
qmof-73f5b2a,train,3.033746,94,1892,2144
qmof-ab7b8fa,train,3.064271,262,4056,2145
qmof-e329fe5,train,0.518674,102,1697,2146
qmof-5a3945a,train,3.167835,192,3130,2147
qmof-69314a9,train,0.857853,90,1588,2148
qmof-4d45fdb,train,0.640897,88,1476,2149
qmof-9f230b5,train,1.790026,131,1086,2150
qmof-753bc23,val,3.281247,73,1370,2151
qmof-f02332f,train,1.031005,244,3938,2152
qmof-475ad16,train,2.578028,110,1519,2153
qmof-cc16b60,train,2.055469,140,1748,2154
qmof-101b616,val,1.920913,160,2420,2155
qmof-bb2839a,val,0.978597,71,1011,2156
qmof-a3dbed5,train,1.875127,62,350,2157
qmof-428779a,train,1.215644,30,251,2158
qmof-3287bc9,train,2.593358,60,942,2159
qmof-3fbb501,test,2.045551,134,2360,2160
qmof-2157a06,train,2.344808,92,1610,2161
qmof-16e256a,train,2.721354,136,1910,2162
qmof-6d961d0,val,1.743656,132,2204,2163
qmof-8492159,train,4.09795,80,1424,2164
qmof-d726164,train,0.58902,164,2376,2165
qmof-0dce90f,train,3.383629,132,1017,2166
qmof-8c44268,train,1.434594,113,1555,2167
qmof-87aed19,val,0.582711,190,2484,2168
qmof-5ec17b1,train,4.040366,92,1532,2169
qmof-b9e6452,train,0.492308,98,1576,2170
qmof-019ba28,train,1.134232,128,1762,2171
qmof-d08242d,test,2.462274,94,851,2172
qmof-cc26de1,train,1.804844,64,781,2173
qmof-658c0fd,val,4.495106,64,973,2174
qmof-175a5d9,train,1.357554,96,933,2175
qmof-6690796,train,2.67969,164,2059,2176
qmof-96c4801,train,3.341722,52,850,2177
qmof-200045d,train,2.51584,59,407,2178
qmof-b7a3995,test,3.929102,106,748,2179
qmof-7b942a4,train,1.173019,140,1630,2180
qmof-740efb1,train,2.329837,148,2437,2181
qmof-4c0d455,train,3.488285,90,1483,2182
qmof-9eeead2,train,3.449792,113,1411,2183
qmof-65bd4b6,val,4.636982,88,1598,2184
qmof-b115514,train,3.596236,134,2253,2185
qmof-a2e4f06,test,3.148273,44,582,2186
qmof-0a0bcfa,test,1.794451,116,937,2187
qmof-abe6699,train,0.628845,62,962,2188
qmof-2482f7f,train,1.861222,92,696,2189
qmof-6855f2e,train,1.540459,66,1019,2190
qmof-f5e607c,train,2.604444,208,3764,2191
qmof-0f5c195,train,3.369012,68,976,2192
qmof-4eadc5e,train,2.217046,120,2172,2193
qmof-9f8865f,test,2.784797,112,2087,2194
qmof-ab504c7,train,2.251453,90,1663,2195
qmof-425fd89,train,0.286225,116,2013,2196
qmof-6da99f5,train,3.076873,122,1976,2197
qmof-d170de1,test,1.626303,68,784,2198
qmof-83e2c80,val,2.724475,156,2717,2199
qmof-b6c72b2,train,3.914551,68,923,2200
qmof-6de83a4,train,4.472314,47,835,2201
qmof-7d610e5,train,2.878636,142,1282,2202
qmof-9ae3430,train,1.332559,88,926,2203
qmof-d0f9fb3,train,3.18069,40,618,2204
qmof-d8e2563,val,2.721583,96,1486,2205
qmof-9dd9532,val,3.283233,82,1140,2206
qmof-efc74fb,train,0.1872,60,674,2207
qmof-998cb07,train,2.899237,95,1612,2208
qmof-ab61efa,train,2.551376,124,1320,2209
qmof-15e7bac,train,3.467813,44,430,2210
qmof-9970f98,train,2.775062,44,398,2211
qmof-285d109,train,2.412122,62,955,2212
qmof-7cde1ad,train,2.668285,72,1006,2213
qmof-ae3c113,test,0.670696,138,1312,2214
qmof-06381fc,train,2.175657,66,1083,2215
qmof-a0a3af5,train,3.051256,186,3309,2216
qmof-19fcfb8,train,3.232082,48,596,2217
qmof-3f71601,train,2.504687,32,309,2218
qmof-1f7d6ac,train,0.555526,100,1048,2219
qmof-295bfb2,val,0.943805,256,4298,2220
qmof-ab2218a,val,2.56669,80,1153,2221
qmof-3e2d080,test,3.249654,94,1460,2222
qmof-5ad859a,train,2.95465,50,358,2223
qmof-f8ea459,val,0.778002,43,611,2224
qmof-f4ceca8,train,0.497445,344,6294,2225
qmof-0fb4857,train,1.470017,60,858,2226
qmof-2b4c687,test,3.69912,84,1222,2227
qmof-b233d71,train,2.751732,142,1074,2228
qmof-083e336,val,2.479841,136,2310,2229
qmof-bdc4c33,val,3.398585,136,2344,2230
qmof-65e8107,train,0.147868,134,2174,2231
qmof-110ffa0,test,2.773725,173,1762,2232
qmof-e6b3552,train,0.694852,88,810,2233
qmof-099dbbd,val,0.365142,73,1210,2234
qmof-fa3a819,train,2.740579,84,1343,2235
qmof-71a0ea3,train,1.09079,114,1957,2236
qmof-d47a2d7,train,1.218544,264,4184,2237
qmof-9ac7652,val,2.973953,62,923,2238
qmof-ac9eb6b,val,2.890133,56,713,2239
qmof-0e5bc0c,test,2.169461,40,252,2240
qmof-85a47a8,train,4.448561,54,444,2241
qmof-e0ee68e,train,0.083933,248,3463,2242
qmof-3d6ab52,test,0.715899,126,2474,2243
qmof-917b27a,test,1.635304,104,894,2244
qmof-511ea8e,train,1.244249,168,2508,2245
qmof-1b0a1d3,train,1.403074,136,2228,2246
qmof-1d79778,train,0.340304,51,783,2247
qmof-9b8ff46,train,0.449622,65,1210,2248
qmof-bdb947d,train,2.772188,106,1736,2249
qmof-76257fc,train,2.926423,74,934,2250
qmof-83480f0,train,0.674252,74,804,2251
qmof-b4fe891,train,0.862641,142,2056,2252
qmof-44ac7ae,train,3.003693,66,1058,2253
qmof-d533d86,val,2.966557,82,1224,2254
qmof-fcd9e5c,train,1.277705,92,891,2255
qmof-5d92ffc,train,0.285747,278,4597,2256
qmof-8992d68,val,2.545481,140,2468,2257
qmof-b94b0e1,train,2.117444,76,962,2258
qmof-d544575,train,1.293229,34,468,2259
qmof-e4d678d,train,0.633396,82,1229,2260
qmof-806e25c,train,1.804922,168,1548,2261
qmof-7616fb2,train,3.489417,80,1200,2262
qmof-af71c28,train,1.703048,252,2304,2263
qmof-c767d72,train,2.602186,80,1510,2264
qmof-c1cca62,train,0.602358,102,1895,2265
qmof-e9695d9,val,2.038345,66,950,2266
qmof-dd3ddad,test,3.46606,272,3951,2267
qmof-d745543,train,2.619789,47,519,2268
qmof-57d8d0a,train,5.396942,52,740,2269
qmof-e34c562,train,2.42287,54,909,2270
qmof-d826ea1,train,4.709435,26,290,2271
qmof-a554afb,train,2.176504,140,2132,2272
qmof-bdfe8f1,val,4.177872,92,1662,2273
qmof-32dc85c,test,0.110332,120,1865,2274
qmof-60464fc,train,3.037709,100,1669,2275
qmof-6598b02,train,0.355064,74,1232,2276
qmof-c590394,train,2.734478,184,2404,2277
qmof-ae1b6bd,train,4.19365,76,1206,2278
qmof-35465ea,train,1.29703,146,1498,2279
qmof-d0d01da,train,0.64492,146,1531,2280
qmof-3b672a9,val,2.386966,28,338,2281
qmof-4f78903,test,1.635055,72,1227,2282
qmof-93613da,test,0.773742,180,2786,2283
qmof-a5380bd,train,1.428499,66,586,2284
qmof-5d8a76d,test,0.02623,150,3009,2285
qmof-09eb351,val,0.923546,94,1709,2286
qmof-0589a80,val,0.529416,28,336,2287
qmof-6492d35,train,2.04545,76,804,2288
qmof-213c3a1,train,2.044928,80,656,2289
qmof-59bcf46,test,2.332051,400,7070,2290
qmof-3913683,test,3.168308,104,1680,2291
qmof-683545f,train,1.575373,28,232,2292
qmof-d5c670c,train,0.997999,33,403,2293
qmof-97ae29f,train,4.524469,100,1822,2294
qmof-1fb5146,train,2.6601,64,880,2295
qmof-6e37cc2,train,2.514039,208,3037,2296
qmof-5d499dc,train,2.005322,92,1356,2297
qmof-a257fa8,train,1.546173,104,1736,2298
qmof-0be87d7,train,2.577965,59,905,2299
qmof-62bbe07,train,2.517627,35,487,2300
qmof-1b23ab1,train,1.03975,134,2303,2301
qmof-fc2d571,val,1.783355,44,730,2302
qmof-8e256bb,train,0.903171,39,668,2303
qmof-e890ecf,train,2.208417,144,1958,2304
qmof-06dd76d,train,1.55369,172,2582,2305
qmof-006d43a,train,1.237061,88,1536,2306
qmof-4e4607a,train,0.915536,64,894,2307
qmof-a5d4659,train,2.77354,156,2698,2308
qmof-f370d01,train,1.643378,132,1331,2309
qmof-fe0b063,train,1.119311,54,524,2310
qmof-32ad761,train,2.869599,64,1150,2311
qmof-b1d51dc,val,1.532748,122,2422,2312
qmof-e1c0fed,val,2.763575,51,861,2313
qmof-3332fd1,train,3.171183,87,1504,2314
qmof-79371d1,train,4.595251,94,1882,2315
qmof-e7f8efa,train,2.039413,132,2144,2316
qmof-5d505fa,train,2.564009,104,1721,2317
qmof-9d96a3f,train,2.815706,120,2289,2318
qmof-0359d3a,train,2.203747,248,1860,2319
qmof-637ad2f,train,1.475877,54,545,2320
qmof-edbe499,train,0.905356,61,1095,2321
qmof-6c1d234,train,0.765906,92,1414,2322
qmof-b57edb0,train,2.678578,104,1084,2323
qmof-b10b92b,train,2.664604,72,1328,2324
qmof-3a7c51f,test,2.049226,86,1408,2325
qmof-6b21d44,train,0.937661,82,1414,2326
qmof-36aebf6,test,3.380112,52,940,2327
qmof-2cfb1a9,train,1.982514,146,2528,2328
qmof-f3f83dd,test,5.121922,76,1194,2329
qmof-84ec9a6,train,1.752274,90,1677,2330
qmof-af2cb79,val,1.354076,128,1866,2331
qmof-742cbde,val,0.91815,88,1633,2332
qmof-4a920a2,test,1.407324,70,1094,2333
qmof-5afdf29,train,1.453439,82,752,2334
qmof-2c06c23,train,0.190482,64,1104,2335
qmof-40bd696,train,1.39849,60,954,2336
qmof-2d9f5f9,train,0.905678,320,4956,2337
qmof-7787590,train,1.619567,50,808,2338
qmof-8442243,val,2.299992,232,2651,2339
qmof-c24c5a7,train,2.388108,56,557,2340
qmof-828f8b4,test,1.067528,76,1301,2341
qmof-afe2748,train,0.435213,104,1704,2342
qmof-4b5a943,train,2.818027,90,768,2343
qmof-41984f8,train,3.065097,156,2450,2344
qmof-4c4d6c3,val,1.140027,226,4012,2345
qmof-a730e22,test,2.27346,124,2197,2346
qmof-0182c67,train,1.581959,68,622,2347
qmof-ae62f99,val,4.213806,148,2752,2348
qmof-efcd220,train,1.640451,74,1104,2349
qmof-5d9b2c8,train,2.753815,88,1254,2350
qmof-f2c9734,train,1.504193,216,2894,2351
qmof-9943ad5,train,2.516786,84,1355,2352
qmof-9cc2146,train,2.493291,300,5156,2353
qmof-533212c,train,1.893761,108,1419,2354
qmof-ceeff8a,train,3.170088,84,1022,2355
qmof-f1d2d60,train,0.275124,63,1034,2356
qmof-d0e040f,train,1.458436,106,1040,2357
qmof-d8c6afb,train,1.633248,116,1938,2358
qmof-55638ef,test,4.722321,42,636,2359
qmof-4d614ec,train,4.177125,154,1475,2360
qmof-dcd8104,val,3.272061,104,1552,2361
qmof-148f760,train,2.278798,74,1315,2362
qmof-556b070,train,1.471322,64,1137,2363
qmof-f2a6b8c,train,2.556869,42,612,2364
qmof-0880913,train,1.870514,162,1683,2365
qmof-987868e,train,1.661272,102,1427,2366
qmof-d7b6a0d,train,5.140001,108,1804,2367
qmof-fa669aa,train,3.897947,70,1253,2368
qmof-8b503a2,test,2.733012,92,1498,2369
qmof-f204bbf,test,1.346521,264,2239,2370
qmof-de728cd,train,2.09538,146,2535,2371
qmof-a64dc4b,train,3.071527,68,748,2372
qmof-be9fb9e,train,3.72166,80,1482,2373
qmof-a2b6d91,train,1.499524,100,1310,2374
qmof-07dcfa3,train,2.992743,92,1339,2375
qmof-c631df2,train,2.493453,30,334,2376
qmof-b3bca92,val,1.377931,120,1828,2377
qmof-2c669f5,train,2.719589,90,1579,2378
qmof-7943fa6,train,3.002738,108,1798,2379
qmof-1197fef,train,0.95802,92,1813,2380
qmof-ad41715,train,2.317361,115,1021,2381
qmof-8d254b7,train,0.807238,68,1038,2382
qmof-1ee9184,val,5.111067,116,1802,2383
qmof-5bebd76,train,0.187433,62,954,2384
qmof-ec286a6,train,0.906346,80,1232,2385
qmof-5eb34fb,train,1.619888,232,1685,2386
qmof-640ce15,test,3.077621,100,1672,2387
qmof-6771069,train,2.231305,316,4140,2388
qmof-a9b5598,train,2.471067,62,857,2389
qmof-9a8fdd8,val,0.914354,60,1136,2390
qmof-9c78145,train,1.031006,39,610,2391
qmof-d0b275d,train,4.337228,72,1313,2392
qmof-2f238e2,test,1.09723,296,4524,2393
qmof-44525ba,val,3.158192,102,1744,2394
qmof-0133865,val,2.986835,68,910,2395
qmof-996950f,train,0.282725,268,4404,2396
qmof-27b7e03,test,1.724576,150,1691,2397
qmof-4279f07,train,2.495956,60,885,2398
qmof-4c5a21f,train,2.157391,139,2575,2399
qmof-2853543,train,2.811558,76,1176,2400
qmof-8b12648,val,0.459224,192,2806,2401
qmof-06ba8af,train,1.806843,128,2250,2402
qmof-d197604,test,0.76579,66,1202,2403
qmof-b0bfb8e,train,1.907301,100,1354,2404
qmof-97e3dd9,train,3.832221,73,1473,2405
qmof-1bbf0a2,val,3.072502,84,1140,2406
qmof-fe49acf,val,3.102107,126,2122,2407
qmof-d66fafb,test,2.691086,56,836,2408
qmof-f80de30,train,1.704842,88,1603,2409
qmof-8912cf1,train,4.408376,112,2008,2410
qmof-3bb252f,train,2.487114,84,1470,2411
qmof-6f208d3,train,2.226871,202,1638,2412
qmof-97e68bf,train,1.798292,82,1360,2413
qmof-002a6da,test,0.940991,70,1328,2414
qmof-9ea1107,val,2.113554,140,2314,2415
qmof-87793bf,test,3.629575,96,1710,2416
qmof-a0b0c6b,train,0.916373,132,1641,2417
qmof-593eb07,train,2.180146,128,2314,2418
qmof-00ce800,train,1.824409,292,4468,2419
qmof-f158543,train,2.73971,88,1382,2420
qmof-0eef54d,train,0.73542,54,915,2421
qmof-3fe07f6,train,0.633403,50,786,2422
qmof-ed8eb91,train,2.347289,68,1132,2423
qmof-f563388,test,1.89311,138,2420,2424
qmof-afd2657,train,2.391639,224,3080,2425
qmof-255a145,train,2.475029,72,1194,2426
qmof-a377fcc,train,1.624945,73,784,2427
qmof-d270b21,test,1.225202,87,1325,2428
qmof-6596653,train,1.078197,192,3420,2429
qmof-f21d339,train,0.983441,52,686,2430
qmof-d141d6f,train,0.605733,344,5476,2431
qmof-1b70dc7,train,2.8914,130,2161,2432
qmof-810fb5d,train,2.065782,228,1636,2433
qmof-4667835,train,4.552305,60,860,2434
qmof-f765634,train,1.439394,414,6990,2435
qmof-adf6d21,train,2.789053,132,2252,2436
qmof-110e680,train,0.404397,62,1160,2437
qmof-f03e892,train,0.557293,116,2002,2438
qmof-11881b6,val,2.245404,252,3290,2439
qmof-d45e712,train,0.339886,168,2706,2440
qmof-5480f62,train,2.464836,46,704,2441
qmof-d23c199,train,0.468261,30,220,2442
qmof-f16daa1,train,2.285547,272,4124,2443
qmof-5925529,train,3.463796,78,1181,2444
qmof-df61002,train,1.382265,32,396,2445
qmof-d248652,test,3.629404,96,1766,2446
qmof-76eb3c2,train,3.633551,90,1514,2447
qmof-4e5da67,test,3.241362,52,764,2448
qmof-f77c0e0,train,2.341327,124,2134,2449
qmof-8db7ba0,train,2.220179,54,801,2450
qmof-3870e19,train,4.772036,220,4068,2451
qmof-f8c2ad1,train,3.1687,60,746,2452
qmof-e8d1a8e,train,1.269731,76,1400,2453
qmof-79e84c2,train,1.753866,134,1524,2454
qmof-fc93e58,train,3.161826,100,1598,2455
qmof-93f225f,train,1.861436,222,2493,2456
qmof-08ed257,train,0.795258,74,1137,2457
qmof-fa61018,train,1.306511,150,1470,2458
qmof-e88d26e,train,3.020573,120,1920,2459
qmof-99ed874,test,2.696567,196,2828,2460
qmof-319da91,train,3.294957,80,1125,2461
qmof-20ebe36,train,0.36442,92,1459,2462
qmof-47d81d6,val,0.902011,88,1438,2463
qmof-a4d3297,train,2.468062,120,1026,2464
qmof-73f219a,train,3.03315,116,1983,2465
qmof-5436a87,val,0.871333,73,1316,2466
qmof-00a191a,test,3.913942,88,1640,2467
qmof-a3e45d0,val,0.200589,32,383,2468
qmof-25b0591,train,2.287176,38,397,2469
qmof-de538af,test,2.735885,284,2859,2470
qmof-6b4d50c,train,0.646816,116,1082,2471
qmof-b91d8d5,test,2.194711,84,1432,2472
qmof-b8ef003,train,1.920418,384,4870,2473
qmof-2b2a726,train,0.976183,234,3366,2474
qmof-6bc32fd,test,0.868026,130,2326,2475
qmof-f2ed1a3,train,1.76546,92,1654,2476
qmof-75309dd,train,0.723035,54,519,2477
qmof-bec2181,train,2.132565,56,689,2478
qmof-ad070be,train,3.94516,108,1660,2479
qmof-099c53d,val,1.842843,60,634,2480
qmof-7e9d037,train,1.061793,100,1695,2481
qmof-0159028,train,2.734366,360,5304,2482
qmof-b68a0ad,val,0.999196,58,702,2483
qmof-75ec3f5,train,2.410272,144,2158,2484
qmof-0d0bec4,train,0.951516,91,1754,2485
qmof-f1d3585,train,1.844421,168,1668,2486
qmof-c54951d,test,3.071265,112,2234,2487
qmof-ec69c82,val,3.060635,108,1580,2488
qmof-5d6b047,train,1.43043,60,994,2489
qmof-090a16a,train,3.184154,62,1124,2490
qmof-0e84517,test,0.209208,104,952,2491
qmof-52547c5,train,2.390502,112,1350,2492
qmof-78cbecc,train,1.315753,50,524,2493
qmof-f936989,train,2.528643,264,3940,2494
qmof-5264930,train,0.397366,436,6290,2495
qmof-c885683,train,3.657133,80,1274,2496
qmof-3636e77,val,2.782248,74,1218,2497
qmof-f6baf18,train,2.20461,300,3319,2498
qmof-e471501,train,1.956199,110,1158,2499
qmof-4e2bea2,train,1.514159,46,799,2500
qmof-93da51e,test,1.043994,148,1886,2501
qmof-8ec55e0,train,1.80754,294,5050,2502
qmof-1c75dc4,train,2.729191,198,3386,2503
qmof-5a4605f,val,2.680584,328,4577,2504
qmof-b31f520,train,4.118815,74,1058,2505
qmof-4f48bfd,train,0.942116,89,1341,2506
qmof-66e805a,train,2.754993,58,944,2507
qmof-2095c92,train,2.063195,132,1606,2508
qmof-2a1c512,train,2.568611,96,1827,2509
qmof-b6dadce,train,0.487406,90,1564,2510
qmof-7e13f90,val,1.145795,216,3458,2511
qmof-bae1677,val,3.329317,73,1211,2512
qmof-707b969,train,0.877189,180,2767,2513
qmof-724fea2,train,2.105245,86,1339,2514
qmof-4ca6257,test,1.970778,62,1027,2515
qmof-d4ba604,val,2.361848,108,1206,2516
qmof-c110ca9,train,1.49704,56,473,2517
qmof-a3a2ba3,train,2.97483,128,2092,2518
qmof-cde196e,test,0.818235,72,1292,2519
qmof-f85e53b,train,1.415831,201,2272,2520
qmof-51966a1,train,5.385582,72,1513,2521
qmof-fd19c90,train,2.835204,52,1017,2522
qmof-68682de,val,0.350827,250,4370,2523
qmof-585e841,train,0.902551,208,3064,2524
qmof-3aa544f,train,2.134008,90,1736,2525
qmof-aaea2ae,train,0.835803,156,2498,2526
qmof-7d9565e,train,2.924086,98,1815,2527
qmof-6b426b2,train,2.303624,88,1480,2528
qmof-e188b1a,val,1.402765,118,1310,2529
qmof-53f9751,train,1.421885,34,300,2530
qmof-af2d73f,train,3.194699,86,1143,2531
qmof-dec91f5,train,2.838418,112,1741,2532
qmof-c650339,train,0.979867,197,2072,2533
qmof-cef46c3,train,1.282208,98,1218,2534
qmof-2c173c2,val,0.399156,100,1084,2535
qmof-b56746c,train,2.977733,104,1549,2536
qmof-a9f66e2,train,3.07668,80,1204,2537
qmof-cd42f10,train,1.007937,146,2600,2538
qmof-da36c6b,train,2.628042,63,682,2539
qmof-a74574d,train,2.027435,158,1629,2540
qmof-a93d8c6,test,2.228767,244,1748,2541
qmof-d835dd7,train,2.557257,88,1598,2542
qmof-9a9eea2,train,1.657135,80,1497,2543
qmof-faedf85,train,2.809486,88,1566,2544
qmof-59256e9,train,2.683717,114,998,2545
qmof-88d84c1,test,1.935999,40,423,2546
qmof-8516e22,train,0.168413,110,1011,2547
qmof-3c04d40,train,1.159632,92,1640,2548
qmof-e2e9e5f,train,1.07066,176,2964,2549
qmof-b533ad1,val,2.856789,66,836,2550
qmof-361ef97,train,1.399428,178,1855,2551
qmof-e0b8997,train,2.429639,88,1260,2552
qmof-a0daa8f,train,0.64198,120,1963,2553
qmof-708b1a8,train,0.812937,112,844,2554
qmof-594d3a0,train,2.533332,88,1084,2555
qmof-f8b10e5,train,3.314558,102,1702,2556
qmof-8aec8b9,train,3.098506,228,3524,2557
qmof-cd1f5fd,train,2.115212,134,1942,2558
qmof-4a83905,val,2.929874,183,1331,2559
qmof-f2b7fe9,val,0.550363,28,263,2560
qmof-70f56f3,train,2.700309,122,1714,2561
qmof-126e41c,train,4.587663,87,1734,2562
qmof-da538df,train,2.09153,114,2036,2563
qmof-cc574ac,train,0.407142,72,656,2564
qmof-e5a60a8,val,3.439716,124,2260,2565
qmof-5c67a6f,test,2.473803,72,514,2566
qmof-033f4ac,train,2.802541,54,542,2567
qmof-bf937bb,train,2.177494,116,1971,2568
qmof-a1e2a57,train,3.071844,156,2092,2569
qmof-ecfd269,val,1.7361,122,2312,2570
qmof-ca123bd,train,1.561047,58,746,2571
qmof-3d5971c,train,0.499611,96,1779,2572
qmof-9706669,train,3.139742,132,2284,2573
qmof-9865ee9,val,3.744036,38,621,2574
qmof-955fe88,test,0.660589,220,1647,2575
qmof-3b090b8,train,2.727733,178,1994,2576
qmof-0fb4c2f,train,1.032112,106,1013,2577
qmof-dc10859,val,2.303488,72,1138,2578
qmof-e63ddfb,val,2.669745,52,582,2579
qmof-e49e28c,test,0.052751,140,2674,2580
qmof-d17983b,train,4.489548,136,2586,2581
qmof-e0a081e,train,1.682236,184,1887,2582
qmof-4028dc6,train,1.951483,53,403,2583
qmof-ca938fe,train,3.916367,340,6092,2584
qmof-1814167,test,2.896795,120,2128,2585
qmof-00ff964,train,2.142089,148,2528,2586
qmof-c91ed91,train,3.151947,116,1810,2587
qmof-b1bdd96,train,0.246942,55,904,2588
qmof-85140dd,train,2.985314,188,2968,2589
qmof-e829283,train,2.062039,50,551,2590
qmof-fa0b4a5,val,2.518762,180,2444,2591
qmof-db28f77,train,2.640222,48,766,2592
qmof-276e333,train,1.635488,110,1082,2593
qmof-b01aecb,train,2.818295,106,1555,2594
qmof-74ea819,val,1.336374,148,2572,2595
qmof-2308de6,train,0.959743,56,580,2596
qmof-8442576,val,1.728878,65,964,2597
qmof-beb072c,train,1.492788,90,1378,2598
qmof-be7f13b,test,1.919458,76,622,2599
qmof-7e0c32f,train,1.59077,220,2820,2600
qmof-a758683,train,1.370625,182,2100,2601
qmof-693b656,test,2.050386,178,1735,2602
qmof-9ecbb7a,train,0.356241,160,1291,2603
qmof-4c0e216,train,2.994952,78,1232,2604
qmof-aca06b1,train,2.887281,106,1564,2605
qmof-73dbd00,train,2.980114,172,2806,2606
qmof-681c140,train,1.45018,240,2715,2607
qmof-c53c937,train,0.945758,63,1213,2608
qmof-844e4f4,test,3.020095,256,3466,2609
qmof-f50607a,test,1.84447,126,2412,2610
qmof-2a30c18,train,1.126734,144,1740,2611
qmof-738d0ce,val,2.405256,50,437,2612
qmof-cbf7280,train,0.763292,96,1649,2613
qmof-642ab74,test,0.087285,59,914,2614
qmof-ac615b9,train,0.851612,100,1768,2615
qmof-c5e40a9,test,3.391763,68,1144,2616
qmof-9024308,train,0.134773,26,300,2617
qmof-65f6051,val,0.901239,65,1062,2618
qmof-e265db6,train,0.46927,102,953,2619
qmof-1742993,test,2.973874,84,1348,2620
qmof-0f3908e,train,1.762859,188,3124,2621
qmof-0bcba24,train,0.161381,96,1787,2622
qmof-4abf394,train,2.115169,104,1617,2623
qmof-14ea159,train,0.378376,68,1123,2624
qmof-194f61a,test,2.708373,80,1475,2625
qmof-dfc0e67,test,3.461778,128,2280,2626
qmof-16812b6,val,5.241514,80,1172,2627
qmof-d54db96,train,2.194218,61,582,2628
qmof-70a1fa1,test,1.25925,412,7060,2629
qmof-592d33d,test,3.682055,84,1022,2630
qmof-e92dc89,train,4.468624,80,1246,2631
qmof-0e3b79a,train,0.5121,96,1962,2632
qmof-5ceabd4,train,3.29898,76,1469,2633
qmof-e8386b2,train,0.241304,200,2861,2634
qmof-cbb6c08,val,2.297855,184,3262,2635
qmof-b86fd8c,train,3.37987,52,860,2636
qmof-67389c3,val,1.842251,120,2166,2637
qmof-c2e0cee,train,0.654408,60,768,2638
qmof-9d07fdc,train,1.055847,44,686,2639
qmof-697aabc,val,1.624621,88,995,2640
qmof-c08af26,train,1.722389,80,708,2641
qmof-a67842f,train,2.687505,162,1411,2642
qmof-d8b5d6f,train,1.248679,98,1653,2643
qmof-5ee8a95,train,0.895408,98,1922,2644
qmof-3bc8c5b,train,3.704514,104,1518,2645
qmof-201ddfa,val,0.938711,110,1582,2646
qmof-de0737b,train,1.144694,69,978,2647
qmof-9443441,test,2.5899,92,1280,2648
qmof-22d1c6f,train,2.435789,60,590,2649
qmof-95dc237,train,1.716363,85,1528,2650
qmof-38ed426,test,3.209511,196,3544,2651
qmof-7465794,train,1.374294,74,768,2652
qmof-9446f9c,train,4.499306,128,2602,2653
qmof-2a46038,train,0.328267,72,839,2654
qmof-f727745,train,3.484901,72,1353,2655
qmof-31db037,train,2.674724,54,559,2656
qmof-4bfccae,val,1.743999,65,1360,2657
qmof-f24dae1,train,3.16718,58,630,2658
qmof-4125488,test,0.885636,36,328,2659
qmof-a001201,train,2.61388,88,1286,2660
qmof-ac29f9c,train,3.805108,56,660,2661
qmof-0c8a25d,train,3.01167,140,2716,2662
qmof-15b32d5,train,0.959639,432,5340,2663
qmof-2928cd0,val,2.806356,74,1174,2664
qmof-db680f9,train,1.749329,180,2965,2665
qmof-9d92695,train,0.151185,94,1054,2666
qmof-78d9001,train,2.378839,54,576,2667
qmof-90fad48,train,4.50813,88,1456,2668
qmof-b5f87de,train,1.238847,184,2502,2669
qmof-0c2c714,train,1.816164,66,1078,2670
qmof-99a78f3,train,0.002544,96,813,2671
qmof-acebfa5,test,0.297127,112,1905,2672
qmof-7aa1e33,train,0.415154,58,1063,2673
qmof-2594c1c,train,4.845665,31,459,2674
qmof-f360972,val,0.791548,68,1154,2675
qmof-c4e25b7,train,3.239991,58,862,2676
qmof-67ca802,train,2.714459,110,1987,2677
qmof-40d82a8,val,4.210464,44,652,2678
qmof-4cf7214,train,2.588897,82,1358,2679
qmof-6185eff,train,2.815575,132,1794,2680
qmof-b4350be,train,0.479872,92,1406,2681
qmof-2e6cac6,train,0.927457,61,1125,2682
qmof-18c41a2,train,0.315225,240,2380,2683
qmof-91cf2d0,train,2.696153,124,2088,2684
qmof-e327b51,train,3.291203,98,1246,2685
qmof-e5d09ca,train,0.446606,72,622,2686
qmof-30356d7,train,3.396869,60,864,2687
qmof-c30f3bc,train,1.643943,84,1288,2688
qmof-663ff1d,train,1.110487,144,2780,2689
qmof-312525c,train,0.564562,111,1794,2690
qmof-aa35cfd,train,0.783754,88,852,2691
qmof-52246fc,val,0.790557,88,1506,2692
qmof-41fd55c,test,3.536827,60,723,2693
qmof-fdb847f,train,3.550321,240,4146,2694
qmof-66c3285,val,1.288588,324,3326,2695
qmof-e5ab8d0,train,2.380502,178,1301,2696
qmof-655a596,train,2.556386,72,1196,2697
qmof-68d449d,train,3.28373,48,651,2698
qmof-6b7f9c0,train,1.580206,154,2257,2699
qmof-d8acb74,train,1.497866,244,4254,2700
qmof-1f153d6,test,1.28031,72,856,2701
qmof-a34c45f,train,0.682083,102,1782,2702
qmof-e44a050,train,0.935016,149,2522,2703
qmof-c4b76e9,val,0.489134,96,1425,2704
qmof-a55c82c,train,3.534743,102,1889,2705
qmof-3ffecec,train,0.924039,54,911,2706
qmof-7ef70f6,train,2.118596,200,2858,2707
qmof-3179f18,train,2.406125,140,2246,2708
qmof-20d767e,val,0.879011,50,907,2709
qmof-ec7e515,train,2.984867,58,857,2710
qmof-10ddadb,train,0.889214,62,956,2711
qmof-6500a22,train,3.181479,64,1010,2712
qmof-98c31c9,train,2.394504,72,850,2713
qmof-a2a041a,train,0.873972,123,1896,2714
qmof-14e7e8b,test,1.371045,170,1298,2715
qmof-0c405dc,train,0.744934,120,972,2716
qmof-00019ff,test,1.49573,81,1323,2717
qmof-684f362,test,2.19726,166,1266,2718
qmof-02fae60,train,2.619076,120,1970,2719
qmof-c81c070,test,0.54142,60,633,2720
qmof-cd16e60,train,1.208225,118,960,2721
qmof-bf02ae6,train,0.009423,86,1524,2722
qmof-e21bd0e,test,0.371741,58,618,2723
qmof-ae6a4ef,test,3.342708,58,774,2724
qmof-1a97136,train,2.031968,242,3684,2725
qmof-f06a869,train,3.344869,62,564,2726
qmof-9914ceb,test,2.409299,112,1848,2727
qmof-4badd07,train,2.977502,60,548,2728
qmof-f2efcc4,test,4.48849,124,2308,2729
qmof-042db04,train,1.140325,92,1664,2730
qmof-4fc4a40,test,1.408305,40,650,2731
qmof-91ba713,train,2.84609,102,1052,2732
qmof-1bb7709,train,0.267223,120,1542,2733
qmof-824f9fd,train,0.920525,136,1740,2734
qmof-16a358a,val,3.356337,68,1063,2735
qmof-88b9c29,train,2.460157,192,2688,2736
qmof-35eaaa6,train,0.695125,116,2216,2737
qmof-28c2c0e,train,0.467115,82,925,2738
qmof-00a7fd4,train,4.961968,92,1510,2739
qmof-016d080,train,2.557262,320,5770,2740
qmof-d0dfc27,train,0.719223,69,983,2741
qmof-6f191b9,train,2.586716,44,487,2742
qmof-7d6a409,train,1.107597,38,611,2743
qmof-980b76e,val,4.653548,92,1580,2744
qmof-9702053,train,3.186459,80,1470,2745
qmof-3acfc49,train,1.954667,129,1151,2746
qmof-0660e3e,train,3.547816,172,2690,2747
qmof-3e22e52,train,0.960153,50,851,2748
qmof-781949d,train,1.31194,112,1430,2749
qmof-b6d48a4,train,0.555686,72,1358,2750
qmof-4b70fb1,val,2.14337,182,1728,2751
qmof-95e993b,test,2.571461,46,454,2752
qmof-ffb25f2,train,3.153082,328,4990,2753
qmof-263da4f,test,2.362038,120,1874,2754
qmof-3a95f6e,test,1.396967,207,2549,2755
qmof-b7260ba,train,2.806589,110,1913,2756
qmof-230167f,val,0.846913,72,1180,2757
qmof-58b9289,train,1.569349,148,2615,2758
qmof-26d0da3,test,0.931771,268,3898,2759
qmof-5091dcd,train,1.185574,310,5254,2760
qmof-b4f34b6,train,2.60335,147,1262,2761
qmof-c027270,val,2.745229,64,1105,2762
qmof-cc249f5,test,3.030294,118,1334,2763
qmof-7a6a1bc,train,2.742761,92,914,2764
qmof-6bcd96c,train,2.371347,48,304,2765
qmof-96b13a0,train,2.397548,86,1585,2766
qmof-492bc03,train,2.958807,89,703,2767
qmof-0fcc169,train,3.69984,80,1182,2768
qmof-2e2ea03,train,1.192089,170,1739,2769
qmof-6d62075,train,1.140882,184,1696,2770
qmof-95ce74c,train,2.123015,183,2427,2771
qmof-4bb4e21,train,0.21944,132,2132,2772
qmof-08dfcd6,test,2.806314,274,4157,2773
qmof-b21c6f8,train,1.882969,150,2328,2774
qmof-3dabaa3,train,2.659128,48,488,2775
qmof-3e684e0,train,0.774873,148,2656,2776
qmof-ee0577b,train,2.649606,100,1928,2777
qmof-e419ee4,val,3.050745,74,1271,2778
qmof-a08abd2,train,0.766324,46,548,2779
qmof-98f7fae,train,2.5564,228,3838,2780
qmof-3b8de98,train,3.257578,444,5752,2781
qmof-cadb719,train,1.555138,43,810,2782
qmof-85027d8,train,3.293401,96,1538,2783
qmof-0154f42,train,1.01663,76,738,2784
qmof-3b8c7b6,train,2.116309,95,1189,2785
qmof-112d725,train,4.677402,352,7374,2786
qmof-7338e21,val,1.509735,156,1350,2787
qmof-52f04d1,train,2.133242,296,5228,2788
qmof-f7d5cc6,train,0.252773,172,2794,2789
qmof-9cf98a2,train,1.544484,52,641,2790
qmof-ce0eb61,train,1.646581,86,1107,2791
qmof-01ebcd2,train,2.136034,82,1320,2792
qmof-1938adc,train,2.556937,110,2096,2793
qmof-c0f3800,train,0.322441,254,3610,2794
qmof-9ca48a0,val,4.105092,40,534,2795
qmof-e26ad1d,val,2.749434,54,556,2796
qmof-dda6765,train,4.206461,92,1444,2797
qmof-1115f41,train,1.671956,46,667,2798
qmof-e98b77f,train,2.860726,40,601,2799
qmof-66cc35f,train,1.599128,300,4908,2800
qmof-c0cbada,train,3.265681,60,1181,2801
qmof-f3344fd,train,2.205316,70,1151,2802
qmof-bdddeb3,test,3.39985,58,544,2803
qmof-37f4f13,test,0.31925,54,812,2804
qmof-5bc5985,train,2.719887,88,1499,2805
qmof-f35365c,train,2.378014,116,1810,2806
qmof-1c377f5,train,1.782666,124,2098,2807
qmof-32cddef,train,3.45362,90,1448,2808
qmof-5b307ed,train,4.350007,76,1016,2809
qmof-0c9867d,val,4.57384,124,2058,2810
qmof-5f3f601,train,1.18641,92,1880,2811
qmof-6e59ecb,train,0.723726,86,1687,2812
qmof-0d568f0,train,2.355599,124,1013,2813
qmof-5f546dd,val,3.008894,61,822,2814
qmof-a303867,test,2.727716,48,801,2815
qmof-8a6a41f,train,2.588334,128,2188,2816
qmof-e866848,train,2.394733,312,4352,2817
qmof-c860d38,train,0.373894,66,528,2818
qmof-75317e2,train,3.175746,92,1682,2819
qmof-2393523,train,3.036349,100,2051,2820
qmof-6313ccd,train,2.14298,61,1098,2821
qmof-837edc4,test,3.925999,76,1236,2822
qmof-6e6b22b,test,0.61489,90,1098,2823
qmof-f43e45a,train,1.403628,108,1234,2824
qmof-20b1e21,train,3.639645,100,1454,2825
qmof-f15e054,train,2.898305,60,816,2826
qmof-fe916fb,train,1.262317,61,927,2827
qmof-7a361fd,test,0.923724,63,997,2828
qmof-a87a11c,train,2.213678,148,2764,2829
qmof-8d6e3d6,train,2.777008,80,1249,2830
qmof-cdc4bef,train,1.411398,146,2562,2831
qmof-62da585,train,1.341869,90,1498,2832
qmof-a432f8e,train,3.157155,107,1913,2833
qmof-da71b94,train,3.162711,104,1834,2834
qmof-7ceb9a5,train,0.87427,100,1428,2835
qmof-b3d726d,test,1.850126,66,1092,2836
qmof-3b46c12,train,0.823501,78,1192,2837
qmof-8955ecc,train,1.903224,120,1241,2838
qmof-70fc04c,train,2.331244,114,2193,2839
qmof-0e31ab4,train,1.920057,68,1369,2840
qmof-809d541,test,3.38307,138,2655,2841
qmof-f25c5a1,val,2.442842,124,1350,2842
qmof-7d3020a,train,1.622285,86,1520,2843
qmof-767b522,test,3.937626,87,1566,2844
qmof-98a73a2,train,2.668216,172,2354,2845
qmof-7df17a2,train,3.510279,80,1585,2846
qmof-7aef2c2,train,2.206038,86,1483,2847
qmof-70475c6,train,0.615829,144,2062,2848
qmof-8083325,train,1.049513,344,5864,2849
qmof-cef04ed,test,1.418569,464,7372,2850
qmof-2e370d9,train,2.621017,82,1449,2851
qmof-3467823,train,1.02461,176,2068,2852
qmof-255cbe5,test,2.378416,82,1439,2853
qmof-1b50519,test,2.410409,140,2589,2854
qmof-a5a42fa,train,2.952162,244,2925,2855
qmof-de9ead6,train,2.83269,90,1117,2856
qmof-db2adbb,val,0.393879,81,1425,2857
qmof-308beb7,train,1.950815,196,1380,2858
qmof-c7ade9c,test,3.214512,118,2220,2859
qmof-c1ba22b,test,0.300156,106,1034,2860
qmof-1265f27,train,1.505001,62,570,2861
qmof-53443b2,val,1.962995,88,1212,2862
qmof-649e944,train,0.772261,52,631,2863
qmof-fde6499,train,1.842989,228,1628,2864
qmof-8d39634,train,1.65165,156,1388,2865
qmof-ea6f486,train,0.578727,46,745,2866
qmof-6bb8058,test,2.041058,116,2018,2867
qmof-6bf0ec2,train,1.050686,96,1492,2868
qmof-fb859e4,train,3.106084,208,1976,2869
qmof-71eb881,train,3.264623,80,824,2870
qmof-4972f5c,val,2.552031,258,2411,2871
qmof-010521d,train,2.643594,80,860,2872
qmof-c8f6487,train,0.17399,61,1082,2873
qmof-ba63d77,train,1.916723,132,1257,2874
qmof-ccbbab8,train,2.582631,92,1424,2875
qmof-8760b7a,val,2.694201,192,3024,2876
qmof-4fe6fe2,train,1.220713,400,6056,2877
qmof-d8703ab,train,1.204334,66,1300,2878
qmof-2fe59af,test,0.872757,33,452,2879
qmof-3f96ee4,train,3.909006,78,1509,2880
qmof-da6f5e7,val,2.274358,142,2494,2881
qmof-33535cf,train,0.39612,482,6577,2882
qmof-0725f08,train,2.390987,92,1296,2883
qmof-f6ecddf,train,0.702655,108,1142,2884
qmof-396346d,train,2.825111,116,1200,2885
qmof-d942d2c,test,1.393657,98,1622,2886
qmof-9d133f2,train,2.966684,68,1040,2887
qmof-74256d1,train,1.321987,56,498,2888
qmof-7e56bcd,test,0.096907,66,560,2889
qmof-f40863b,train,2.689093,140,2146,2890
qmof-5cb2fe5,train,3.452496,180,2688,2891
qmof-a6f3f87,train,1.253122,162,1638,2892
qmof-5c01049,train,2.036707,70,635,2893
qmof-bf54995,train,1.876102,100,1871,2894
qmof-6f8c0ad,train,2.116972,290,4414,2895
qmof-4dc7542,test,2.441578,40,525,2896
qmof-9df89ca,test,1.70817,205,2485,2897
qmof-b6ee5ae,train,0.495036,52,544,2898
qmof-0b43927,train,2.552115,104,1584,2899
qmof-d51ae11,test,3.834401,80,1391,2900
qmof-3f54b7d,train,0.64963,50,498,2901
qmof-d249571,test,2.154677,36,474,2902
qmof-34bb4c6,train,0.955956,60,647,2903
qmof-d58bd98,train,2.967434,124,2080,2904
qmof-86d10b6,train,2.480778,142,2618,2905
qmof-4c6c409,train,0.472732,172,2316,2906
qmof-953887b,train,3.014165,94,1436,2907
qmof-136dedd,train,2.73733,260,3646,2908
qmof-1f7045e,train,1.60277,33,357,2909
qmof-5ba9d7d,train,4.112117,88,1548,2910
qmof-9d5b9ef,train,0.950058,82,1478,2911
qmof-fe8ea01,val,1.856535,94,1398,2912
qmof-b3dd101,train,3.185171,124,684,2913
qmof-8d1aa73,train,4.281214,88,1470,2914
qmof-582048a,train,0.762458,54,908,2915
qmof-5cf14ed,train,0.977132,136,2506,2916
qmof-98ee946,train,3.651237,124,2066,2917
qmof-66c6b3c,train,3.11092,104,1919,2918
qmof-012ca8a,train,3.710872,102,1557,2919
qmof-8874408,train,4.639159,88,1030,2920
qmof-55463ed,train,2.59178,106,1775,2921
qmof-a34b819,val,1.739774,76,993,2922
qmof-852950b,train,1.466954,188,2293,2923
qmof-2a5beeb,train,1.395117,166,1418,2924
qmof-9ef9d8f,train,0.656974,116,1846,2925
qmof-2915b01,train,2.710324,140,2504,2926
qmof-fec6974,train,3.113738,104,1566,2927
qmof-27ec0f6,train,2.434859,60,678,2928
qmof-6e6dabb,val,2.255138,86,1401,2929
qmof-2a38bcc,train,1.722345,232,3686,2930
qmof-b1156fe,test,0.936731,144,2554,2931
qmof-c16efca,train,2.630825,64,1021,2932
qmof-e909fb2,train,3.163311,26,300,2933
qmof-2dbac39,train,3.281531,58,823,2934
qmof-a5a2ea2,train,3.18437,204,3260,2935
qmof-1d894fb,train,2.984133,176,2940,2936
qmof-03bce06,train,1.513068,88,732,2937
qmof-ff2f9c6,train,3.022502,144,2304,2938
qmof-1a947f4,train,2.511526,132,2457,2939
qmof-f3d0903,train,0.479657,208,3384,2940
qmof-25628aa,train,0.293198,136,2030,2941
qmof-14449b7,train,0.843485,32,331,2942
qmof-9a595a3,train,3.187306,72,1057,2943
qmof-4628b51,train,0.664686,152,1812,2944
qmof-b4b5423,val,5.327613,36,336,2945
qmof-f547638,train,0.854921,44,739,2946
qmof-5c1675f,train,3.432757,82,1224,2947
qmof-7337787,val,1.448052,36,453,2948
qmof-e88dad9,test,0.608143,76,1248,2949
qmof-ec54d11,test,2.977317,96,1108,2950
qmof-98535c0,test,2.972724,208,2402,2951
qmof-90cfb6b,val,2.661095,100,1673,2952
qmof-ab539ca,train,3.899997,183,2958,2953
qmof-a3c0179,train,1.114669,194,1694,2954
qmof-8ee15b0,train,2.233142,144,1858,2955
qmof-7e74c2d,train,4.393397,44,666,2956
qmof-dc8c200,train,2.33076,130,2262,2957
qmof-f9c3fbb,train,0.957952,86,1548,2958
qmof-749e21d,test,0.880979,147,2286,2959
qmof-fbfab17,val,0.516206,78,1231,2960
qmof-3e0685e,test,1.915164,132,1288,2961
qmof-0c64ba3,train,1.305385,92,1498,2962
qmof-8f3a169,train,2.102153,70,1048,2963
qmof-8bcd749,test,2.174136,144,1943,2964
qmof-815b847,train,3.544755,76,1327,2965
qmof-362845f,train,2.82768,60,1048,2966
qmof-ade80fa,train,0.515908,77,1456,2967
qmof-93aaf79,train,0.874018,77,1344,2968
qmof-954f79c,train,1.656431,148,2641,2969
qmof-e660055,train,1.646604,70,727,2970
qmof-59103c5,test,3.111373,244,3664,2971
qmof-cc4894a,train,0.730389,124,1835,2972
qmof-7d2a229,train,0.062503,66,1270,2973
qmof-01f8adf,train,4.55489,62,738,2974
qmof-7749ab4,val,0.551147,70,1156,2975
qmof-3480edd,train,3.270602,109,1779,2976
qmof-3c0b718,val,2.396508,100,1720,2977
qmof-86b8399,val,3.613674,76,1214,2978
qmof-4cc46fe,train,0.078042,356,4816,2979
qmof-f84b92c,test,2.095396,92,1214,2980
qmof-22e4ccf,train,1.376461,128,1437,2981
qmof-b7ce8aa,train,2.648771,140,1538,2982
qmof-c7d5864,train,2.422446,66,879,2983
qmof-69ba10c,val,1.256007,64,672,2984
qmof-d2a32bb,train,3.064119,54,913,2985
qmof-fb27fc1,train,2.730494,60,1045,2986
qmof-cc31ba7,val,3.523582,114,1698,2987
qmof-a1f2118,train,1.554967,76,1036,2988
qmof-1bb0dd9,train,2.455527,126,1590,2989
qmof-76ed8fc,test,1.854922,58,988,2990
qmof-067a484,train,2.882441,82,1086,2991
qmof-cafe9dc,train,0.67527,62,770,2992
qmof-255c456,train,2.189423,312,5305,2993
qmof-db92909,val,1.576197,64,632,2994
qmof-e8cd8b4,train,0.523376,144,2854,2995
qmof-70589ac,train,3.344595,88,1434,2996
qmof-0e91fcd,train,1.678165,100,1284,2997
qmof-b638230,test,0.805246,92,1646,2998
qmof-8228f8b,val,5.103645,92,1488,2999
qmof-bf9cc36,train,2.784158,112,2059,3000
qmof-2c659a7,train,2.63274,110,1844,3001
qmof-b409c3d,test,2.668855,192,3046,3002
qmof-633eaa8,val,2.218054,92,1894,3003
qmof-9462beb,train,2.706826,96,1490,3004
qmof-32a2afb,train,0.356954,53,550,3005
qmof-920a29d,train,1.951123,96,1560,3006
qmof-c9f4af4,val,3.798315,42,642,3007
qmof-765b27e,train,2.627941,76,1426,3008
qmof-036e2cc,train,3.502239,52,861,3009
qmof-0f66a7d,train,1.225418,70,986,3010
qmof-2d9e71c,train,4.154138,128,2266,3011
qmof-549999a,train,0.743843,184,1712,3012
qmof-e651072,train,2.264481,88,1497,3013
qmof-b3c62d0,test,3.588031,140,2050,3014
qmof-f9117e4,train,1.791761,29,257,3015
qmof-4493e93,train,0.714435,80,1290,3016
qmof-ece521b,train,0.497188,59,866,3017
qmof-0cb0fa3,train,3.323242,98,1593,3018
qmof-ed024a5,test,3.082722,148,2941,3019
qmof-0e3bec5,train,3.384244,116,1661,3020
qmof-c5e9ea3,train,2.247066,134,1628,3021
qmof-2c3d85b,train,2.389371,64,1164,3022
qmof-9c9e23d,train,0.255261,35,549,3023
qmof-7c78d8b,val,2.712188,236,2564,3024
qmof-6ad6621,train,2.072938,36,478,3025
qmof-8b9a87d,train,1.906175,296,4716,3026
qmof-dcbfb65,train,1.363463,88,1523,3027
qmof-9feb37c,train,2.119436,93,1707,3028
qmof-76aeb73,train,1.989937,95,749,3029
qmof-151b128,train,3.293884,46,615,3030
qmof-bf96c4f,train,3.079362,110,1738,3031
qmof-02485bd,test,3.194043,104,1644,3032
qmof-3a34e66,train,2.240859,83,1393,3033
qmof-6667c00,val,5.015202,92,1930,3034
qmof-ec95ddc,train,3.015437,52,891,3035
qmof-bf84f9f,train,0.474259,86,1224,3036
qmof-db10139,train,0.961453,94,1724,3037
qmof-7d8aedf,train,2.028479,185,1843,3038
qmof-9525030,test,2.552132,356,2852,3039
qmof-f1284a0,train,2.157359,72,1102,3040
qmof-c45b2d5,train,3.239246,78,1499,3041
qmof-13c6706,train,2.383119,84,1452,3042
qmof-e27ef5d,test,3.076029,156,912,3043
qmof-625c1df,train,1.63393,360,4656,3044
qmof-b069377,val,3.290347,142,2666,3045
qmof-e8ce4cf,train,1.126421,42,491,3046
qmof-7c380dd,train,0.202973,90,973,3047
qmof-cc1705b,train,0.932032,194,2854,3048
qmof-5d21254,val,2.091299,126,1746,3049
qmof-a7c5355,val,2.452826,80,1410,3050
qmof-96c06cd,train,0.288117,110,1784,3051
qmof-76001d5,train,2.432306,212,1396,3052
qmof-65807e0,val,0.271307,30,415,3053
qmof-65e5c0d,train,1.033841,81,1435,3054
qmof-4f6760e,train,4.363862,140,2414,3055
qmof-fe78ad2,train,1.54719,72,1289,3056
qmof-10d25fb,train,2.38141,294,4497,3057
qmof-f9b8307,train,3.715699,118,2220,3058
qmof-1dca0c6,test,0.529694,74,1203,3059
qmof-0be5a6f,train,0.602969,112,1250,3060
qmof-f2d172d,train,2.230707,118,1285,3061
qmof-f5e3913,train,1.681001,64,912,3062
qmof-5ee1a56,train,1.984062,124,1758,3063
qmof-79de66a,train,1.033372,76,807,3064
qmof-1c3a44c,test,0.404718,220,3326,3065
qmof-9e74cf8,train,2.175025,88,1620,3066
qmof-60a5345,train,0.498269,142,1679,3067
qmof-dfd0917,train,0.23283,60,678,3068
qmof-ecb167c,test,3.186084,80,1346,3069
qmof-6b7c621,train,3.802006,120,1702,3070
qmof-002f097,train,3.344747,52,797,3071
qmof-eeabd2e,train,1.358008,114,1081,3072
qmof-3e6426e,train,1.5868,104,921,3073
qmof-121fe67,train,1.37009,126,2652,3074
qmof-c3773fe,train,0.566336,156,2107,3075
qmof-90df4ad,train,0.893578,105,1757,3076
qmof-2383028,train,1.061961,90,1874,3077
qmof-167de99,train,0.289636,46,598,3078
qmof-943fcb0,train,1.081402,74,968,3079
qmof-5ea429e,train,2.11857,108,1834,3080
qmof-841116e,train,3.06324,70,1178,3081
qmof-bef4c02,train,1.751066,159,1689,3082
qmof-df3291a,train,2.566106,36,434,3083
qmof-ee435a5,train,0.0246,44,412,3084
qmof-89d9f99,train,4.026919,66,986,3085
qmof-7f04d5c,train,0.723407,84,1604,3086
qmof-c0e5f08,test,0.382045,70,1083,3087
qmof-70b3cbf,train,2.219117,164,2472,3088
qmof-d32c5b6,val,0.924151,53,595,3089
qmof-fa0fb1d,train,1.434558,173,1608,3090
qmof-2941470,train,2.108768,96,1649,3091
qmof-1b64037,train,3.095674,90,1684,3092
qmof-2a9c089,train,2.328088,76,678,3093
qmof-e877969,train,2.199148,65,972,3094
qmof-60562ae,train,2.661572,60,890,3095
qmof-b199359,train,2.122069,160,2040,3096
qmof-f84978a,val,1.657773,50,491,3097
qmof-6e337c3,train,0.49505,112,1668,3098
qmof-8e6a68f,train,2.348482,84,1344,3099
qmof-340b60d,test,1.660796,55,525,3100
qmof-b32d46b,train,0.858423,94,1706,3101
qmof-b723974,test,0.447974,56,776,3102
qmof-a46901a,train,2.269359,88,1467,3103
qmof-e7f2d9a,train,1.822832,220,1548,3104
qmof-f203c62,train,2.076294,220,3184,3105
qmof-69fc545,val,2.35779,60,1100,3106
qmof-bc64fc7,train,2.674537,52,522,3107
qmof-915bbb7,train,3.350643,196,2696,3108
qmof-12c3950,train,0.285161,74,1275,3109
qmof-68bc391,train,3.202919,116,1956,3110
qmof-a314f18,val,2.142275,106,1659,3111
qmof-c2896c6,train,0.520345,102,1920,3112
qmof-389345a,train,4.36288,34,523,3113
qmof-852039c,train,2.468681,82,1611,3114
qmof-c5776f5,val,0.022689,124,1865,3115
qmof-23c04a5,train,2.9859,132,2126,3116
qmof-261de76,test,3.068455,76,1170,3117
qmof-458f21b,val,1.168283,33,301,3118
qmof-2a66ccf,val,0.958167,72,1254,3119
qmof-afbf6ca,train,3.096494,144,1652,3120
qmof-48fe306,val,0.288561,192,2754,3121
qmof-20a983a,train,2.25788,126,1718,3122
qmof-070d551,train,1.245806,123,1161,3123
qmof-61fb59a,train,2.238911,116,1670,3124
qmof-0813a12,test,3.61707,160,1876,3125
qmof-576f203,val,1.833983,70,1216,3126
qmof-00cb461,train,0.301627,246,4191,3127
qmof-ebb8ba1,test,3.103901,62,968,3128
qmof-c4714cc,val,1.214372,178,1446,3129
qmof-c65a908,val,3.814983,100,1582,3130
qmof-6884d48,test,0.043092,104,1854,3131
qmof-63d90f9,train,2.114655,107,1616,3132
qmof-867986f,train,4.483734,116,2194,3133
qmof-8a007d6,train,0.709117,104,1805,3134
qmof-5b43897,train,2.673102,150,2534,3135
qmof-311f528,train,2.539929,90,1460,3136
qmof-ed04002,val,0.170077,177,2593,3137
qmof-1a19916,train,1.448367,134,2172,3138
qmof-067d9ef,val,3.146687,98,1443,3139
qmof-5f6a50d,train,0.117391,136,1480,3140
qmof-deef83c,train,1.977813,106,1930,3141
qmof-dd788d7,train,3.301782,60,893,3142
qmof-f6fab28,train,2.258202,228,3232,3143
qmof-bbb6c74,val,2.47306,148,2692,3144
qmof-929f022,test,1.391687,172,1794,3145
qmof-8d37439,train,2.011061,153,1368,3146
qmof-26b1eed,test,0.038158,110,1282,3147
qmof-3b6e003,val,2.314059,52,598,3148
qmof-fe0860e,train,3.025283,50,740,3149
qmof-3bdb7ac,train,1.803549,64,973,3150
qmof-de1875e,test,3.193598,36,492,3151
qmof-6971f07,train,3.350518,48,733,3152
qmof-b46759a,train,2.202585,80,1264,3153
qmof-59052d3,test,2.002664,122,1032,3154
qmof-2cdc589,train,0.448868,44,596,3155
qmof-83e4c15,train,0.91675,94,1622,3156
qmof-d58defd,train,3.205473,58,908,3157
qmof-268c45a,train,1.894529,80,1286,3158
qmof-c2b42fd,train,0.225003,102,1630,3159
qmof-09a123f,train,2.069325,100,1911,3160
qmof-2658448,train,3.814887,50,850,3161
qmof-19b5170,val,2.180347,104,1579,3162
qmof-bbecd43,train,0.99798,94,1448,3163
qmof-6ab86e7,val,4.428343,404,6456,3164
qmof-87276cb,val,1.023519,94,886,3165
qmof-053a04d,train,3.787397,50,555,3166
qmof-1d78da0,train,0.860426,42,451,3167
qmof-b0f3adb,train,2.182926,68,1015,3168
qmof-237addc,val,3.068089,270,4432,3169
qmof-903582e,train,4.215688,132,2520,3170
qmof-ee96c92,train,2.863366,120,1490,3171
qmof-80e112a,train,0.331287,106,1926,3172
qmof-36f4a70,train,1.952777,113,1809,3173
qmof-9d3a481,val,1.39205,76,516,3174
qmof-a6a203e,test,2.568456,244,1934,3175
qmof-63babd7,train,5.536122,96,1626,3176
qmof-300cfb8,train,2.312506,132,2104,3177
qmof-efb2482,val,4.361146,102,1600,3178
qmof-39f5329,train,1.621963,148,2653,3179
qmof-dcc97c0,test,3.177704,226,3350,3180
qmof-2c5eeb2,train,2.587839,304,3514,3181
qmof-6840e6b,train,2.784928,128,2138,3182
qmof-166bce5,train,0.289474,124,2020,3183
qmof-3e6e565,train,0.564799,448,7277,3184
qmof-0434c87,test,3.221224,82,1294,3185
qmof-01a1b42,train,2.874845,78,1478,3186
qmof-60dc14e,val,3.077671,92,1514,3187
qmof-1d3328b,train,0.499122,224,3682,3188
qmof-850847e,test,3.103055,29,364,3189
qmof-eb3d8ac,val,2.037712,68,606,3190
qmof-92bf85f,test,2.841242,124,1760,3191
qmof-c7d2f8a,train,2.277122,288,4240,3192
qmof-65a0048,val,2.807789,212,2580,3193
qmof-20b40dd,train,3.631228,100,1484,3194
qmof-b3dcc3e,val,2.836997,74,1262,3195
qmof-2416924,test,4.963417,68,1090,3196
qmof-d55dcc4,train,0.746264,78,858,3197
qmof-fe5b4e4,train,2.774037,132,1564,3198
qmof-54b048b,train,2.586288,80,1132,3199
qmof-1cfe255,train,1.860074,78,1345,3200
qmof-2c1dcb9,train,1.14222,92,1340,3201
qmof-612073b,train,3.174282,136,2028,3202
qmof-a14235b,train,3.484628,122,2136,3203
qmof-f8e9ee1,train,2.431362,42,410,3204
qmof-0fe982a,train,2.417388,93,1498,3205
qmof-88816e9,test,0.226525,46,689,3206
qmof-3979ca0,train,2.22161,144,2320,3207
qmof-2de6209,train,2.523656,116,1859,3208
qmof-46e2f92,val,0.944112,104,1612,3209
qmof-87b704c,train,1.169617,70,628,3210
qmof-ac56f37,train,3.327375,83,1243,3211
qmof-a30aa75,test,1.348193,208,2518,3212
qmof-db6e082,train,2.722376,88,1439,3213
qmof-80849f4,val,2.343909,80,1280,3214
qmof-82b967d,train,0.403499,112,2004,3215
qmof-42b6d9f,train,0.3644,90,1263,3216
qmof-01324e2,train,3.987601,78,1258,3217
qmof-6c51382,test,1.897597,136,2327,3218
qmof-8bf1ad2,train,3.958134,148,2388,3219
qmof-3f56361,train,0.464088,94,1412,3220
qmof-b3fea0d,train,4.186656,140,2282,3221
qmof-3b7596b,train,1.653735,424,6012,3222
qmof-7db4ed0,train,3.169921,68,1237,3223
qmof-9ad6bff,train,2.59388,186,1784,3224
qmof-f3ec926,train,0.628418,98,1620,3225
qmof-f07eae0,train,1.209913,84,1242,3226
qmof-8aba1fc,val,3.012353,140,2674,3227
qmof-801fb35,test,2.269391,96,1458,3228
qmof-f429f3b,val,0.388934,49,820,3229
qmof-009e30a,train,0.494034,58,776,3230
qmof-c59c1d6,test,2.093702,140,2223,3231
qmof-95ac571,train,2.040368,208,3175,3232
qmof-13bee8a,test,2.193566,448,6374,3233
qmof-0952061,train,2.755287,104,1640,3234
qmof-280a103,train,1.753954,140,1146,3235
qmof-85bae44,train,1.868275,41,674,3236
qmof-13cd67d,train,2.972552,90,1413,3237
qmof-9940a4e,train,0.887778,78,1369,3238
qmof-7a13182,val,1.187228,110,939,3239
qmof-9e4a54b,train,2.20747,79,659,3240
qmof-f2fac68,train,3.220282,34,418,3241
qmof-936a309,train,3.369105,112,1498,3242
qmof-3a1e8d9,val,4.765277,84,1424,3243
qmof-9466437,train,1.113175,104,1048,3244
qmof-bebcb31,train,0.579628,92,1723,3245
qmof-3db33b3,train,2.807942,99,1738,3246
qmof-7a1356c,train,2.306717,392,6124,3247
qmof-2e97dc7,val,3.205446,104,1616,3248
qmof-91f17cd,test,3.005359,96,1642,3249
qmof-3f0e645,train,0.889796,54,1006,3250
qmof-e05a715,train,1.363048,100,760,3251
qmof-00052d0,val,2.071197,88,1212,3252
qmof-75ed9bb,train,1.977691,186,1887,3253
qmof-1da59a9,val,2.201675,94,1456,3254
qmof-4a7bb80,test,3.093396,58,977,3255
qmof-711b7d9,val,2.075173,100,1883,3256
qmof-379302a,val,1.242584,50,762,3257
qmof-b2acbc5,val,2.46133,116,1712,3258
qmof-8f4bbfc,train,1.531251,224,3930,3259
qmof-c49776b,train,3.061101,96,1168,3260
qmof-e852d01,train,2.654903,58,943,3261
qmof-34391f3,train,3.414762,124,2188,3262
qmof-cc6b2f2,train,4.724275,164,2350,3263
qmof-20fe6b8,train,2.130833,150,1581,3264
qmof-10aa8d9,train,1.173367,88,1182,3265
qmof-cee3a9c,val,2.807421,258,2994,3266
qmof-ce19bbe,train,3.178357,70,1196,3267
qmof-7f7a9e4,train,2.332185,60,1013,3268
qmof-ca62567,train,3.402639,42,432,3269
qmof-1929d06,val,2.523295,104,1720,3270
qmof-ef13225,val,0.490874,136,1860,3271
qmof-d7c9623,train,4.41204,73,1233,3272
qmof-18b9578,test,0.857642,128,2420,3273
qmof-7cfd893,train,3.391477,76,776,3274
qmof-63be4cf,val,0.590836,62,597,3275
qmof-c1bc002,train,1.339098,68,717,3276
qmof-045344d,val,4.444517,404,6648,3277
qmof-d50fc3b,train,2.713253,58,987,3278
qmof-9ceb223,train,1.060773,70,1327,3279
qmof-6a2f4c9,test,0.333964,102,1426,3280
qmof-2521623,test,0.885635,116,2188,3281
qmof-607a484,train,1.66931,90,1166,3282
qmof-a36de4b,train,3.317975,62,989,3283
qmof-858bc51,train,3.220516,48,848,3284
qmof-6fd66b2,val,0.957767,94,1964,3285
qmof-120180d,train,0.429812,134,1299,3286
qmof-71adb34,train,1.380508,76,774,3287
qmof-c91080d,train,3.419858,106,1693,3288
qmof-7d2ad78,test,3.376051,84,1455,3289
qmof-d53511c,train,2.042849,134,2091,3290
qmof-ca1b84d,val,1.923592,189,2422,3291
qmof-32b966b,train,2.102716,204,2604,3292
qmof-1f51bd7,train,1.948647,74,1249,3293
qmof-f249620,train,3.157754,160,2639,3294
qmof-b2b6f0e,train,1.441109,144,2514,3295
qmof-25d399e,train,2.066905,122,1122,3296
qmof-a2aa4aa,train,4.549218,46,477,3297
qmof-92555ed,train,3.341827,55,724,3298
qmof-9ca0bbc,val,3.553027,140,2236,3299
qmof-81dfe71,train,0.293377,100,1070,3300
qmof-dc18263,val,2.349775,220,3212,3301
qmof-4086205,train,2.093289,114,1772,3302
qmof-da484b1,test,2.590863,104,1876,3303
qmof-14fb11d,train,0.566661,84,634,3304
qmof-5a4677e,train,1.830064,41,672,3305
qmof-0e45b30,train,0.259119,82,1153,3306
qmof-0bdc70c,train,4.090909,118,1998,3307
qmof-35c8beb,val,0.894175,76,642,3308
qmof-81016e7,train,0.328414,92,1512,3309
qmof-66ff3d3,train,1.95146,150,1362,3310
qmof-4e3b58f,train,0.430152,244,1820,3311
qmof-9c0bd55,val,5.21999,44,581,3312
qmof-e85d193,train,2.93657,52,898,3313
qmof-7cb4bdf,train,2.843551,144,1350,3314
qmof-b93ab48,train,2.178413,128,1514,3315
qmof-4a30927,train,2.261119,228,1564,3316
qmof-1379d15,train,2.001505,53,807,3317
qmof-b47e703,train,2.180906,110,1946,3318
qmof-66735fe,train,2.884417,46,623,3319
qmof-b825a82,train,2.649317,212,2968,3320
qmof-31d6986,train,2.993036,108,1346,3321
qmof-d3b7ad4,train,2.584085,74,1356,3322
qmof-8ba1449,train,3.132972,50,845,3323
qmof-d4b9a86,train,3.446283,40,350,3324
qmof-8d4816d,train,1.035675,64,1090,3325
qmof-daa897c,train,2.301015,92,804,3326
qmof-14acde3,train,2.656089,46,364,3327
qmof-7d96cdc,train,2.19626,122,1128,3328
qmof-52799e2,train,0.273847,326,3708,3329
qmof-68fafb3,train,3.133755,84,1540,3330
qmof-42e0f21,train,2.074078,90,1606,3331
qmof-1db67f1,train,2.119962,106,900,3332
qmof-b5b3f3e,train,0.248705,102,1036,3333
qmof-9b48a99,train,4.437008,202,2730,3334
qmof-6a6ccde,test,3.103587,112,2038,3335
qmof-a01cb8a,train,1.834241,82,1390,3336
qmof-ec3c0e8,train,1.08546,88,1438,3337
qmof-18ca0bf,train,3.056189,74,1247,3338
qmof-199f3f0,val,1.403205,136,2270,3339
qmof-4ce68d1,train,2.251741,84,1386,3340
qmof-0bd4f7e,train,0.025721,176,1885,3341
qmof-f5e0bce,test,3.541555,80,1226,3342
qmof-a9002ca,train,0.895106,124,2262,3343
qmof-4625837,val,4.309742,84,1524,3344
qmof-b780466,train,0.136017,135,2304,3345
qmof-6111c69,train,2.710404,86,1564,3346
qmof-c098fd3,train,0.995505,58,898,3347
qmof-d77af39,test,1.979301,62,892,3348
qmof-9dd2a8a,train,1.051055,50,676,3349
qmof-1dcac87,train,1.71553,252,2952,3350
qmof-8977f91,train,2.194583,156,1456,3351
qmof-91a16d8,test,1.375745,38,556,3352
qmof-a144bb5,train,0.621662,144,2414,3353
qmof-a2987bf,train,0.926492,132,2272,3354
qmof-08b5558,train,3.148679,39,570,3355
qmof-b7ce55c,train,2.86163,136,1376,3356
qmof-831f088,test,0.882079,128,2129,3357
qmof-b3bf417,train,0.714899,132,2404,3358
qmof-b56b577,train,0.970763,56,683,3359
qmof-0a464a7,train,1.570167,186,2093,3360
qmof-ff08ff7,train,3.242113,36,314,3361
qmof-541c7e3,train,2.145003,65,830,3362
qmof-949bca4,train,0.633413,92,1828,3363
qmof-57de99b,train,0.571268,218,3376,3364
qmof-74eaa3d,val,1.694736,201,2478,3365
qmof-1b9417a,test,2.183885,58,943,3366
qmof-ce719c0,val,3.126312,58,1048,3367
qmof-d8012fd,test,0.151156,112,2117,3368
qmof-096bf27,train,1.516283,170,2116,3369
qmof-b46dc41,train,3.682265,42,644,3370
qmof-3634e74,train,2.008834,109,1866,3371
qmof-0da3623,train,1.198899,110,1740,3372
qmof-f771839,test,1.059676,96,1726,3373
qmof-4ba8a8c,train,0.604213,136,1680,3374
qmof-8041d1f,train,3.017641,72,1002,3375
qmof-2d7d1e7,test,2.395994,108,1796,3376
qmof-fb53c2e,val,2.021039,116,1984,3377
qmof-20e8389,train,0.167654,93,1184,3378
qmof-55f4d83,val,0.912959,96,1705,3379
qmof-6031bc0,train,2.374836,228,2286,3380
qmof-e6a1be3,train,1.722921,180,2681,3381
qmof-65294ad,val,1.491293,86,750,3382
qmof-e986fdb,train,0.948018,98,1814,3383
qmof-2fc5095,val,0.845617,140,1950,3384
qmof-d6ed24c,test,0.693247,104,1453,3385
qmof-182673b,train,3.328102,44,616,3386
qmof-c0d0c37,train,0.553592,72,1230,3387
qmof-c00e9c8,train,2.779745,114,1868,3388
qmof-a8c7976,train,1.337398,94,1653,3389
qmof-8bfe542,val,1.293094,58,548,3390
qmof-54d6b26,train,2.093364,130,1124,3391
qmof-be50f36,train,2.219141,80,1391,3392
qmof-cfbb516,train,1.432638,108,1212,3393
qmof-f62c223,train,0.456386,138,2394,3394
qmof-a9e26ed,val,1.686604,114,1860,3395
qmof-0cc51b8,val,0.541971,64,828,3396
qmof-0d73d70,train,3.009379,124,2092,3397
qmof-1d20a91,test,1.144471,74,1165,3398
qmof-6afdb56,train,2.905228,48,711,3399
qmof-da4d665,train,0.97626,180,3090,3400
qmof-739a9ad,train,2.185773,108,1844,3401
qmof-e5ef965,train,0.292182,96,1350,3402
qmof-228a2e8,val,0.615462,98,1716,3403
qmof-7fe12e1,train,2.40359,81,627,3404
qmof-66dc50d,test,1.208248,66,1216,3405
qmof-3c42ae2,train,2.683767,228,2299,3406
qmof-fdf1f3a,val,2.913144,64,824,3407
qmof-5243a2c,train,1.67895,104,1877,3408
qmof-9f906c1,val,1.580179,148,2384,3409
qmof-25b0904,train,2.398405,112,1676,3410
qmof-945824a,train,2.530551,244,1933,3411
qmof-88a7d5a,train,3.203596,56,661,3412
qmof-d4b95e5,train,0.331191,184,2380,3413
qmof-a2222b6,val,3.044565,320,5284,3414
qmof-de28178,train,3.329596,76,928,3415
qmof-0dbbd86,test,0.487487,416,7572,3416
qmof-2a07f3f,train,2.737541,88,1477,3417
qmof-8a16860,train,0.742657,64,988,3418
qmof-2a2f8c7,train,3.536504,38,417,3419
qmof-b882056,train,1.335231,118,1628,3420
qmof-4a7a5ba,train,0.390276,72,610,3421
qmof-3cd1264,train,3.472757,76,1089,3422
qmof-a075109,train,1.849793,376,6368,3423
qmof-df8e0b7,train,3.385379,56,794,3424
qmof-4a7f527,train,1.032123,86,746,3425
qmof-dfe29e5,train,2.647124,100,1910,3426
qmof-b4be939,train,3.400113,110,1568,3427
qmof-64c64cc,train,3.93472,34,472,3428
qmof-63d4309,train,1.917106,94,1590,3429
qmof-8604ab6,train,2.96812,80,1271,3430
qmof-2f0cdb2,train,3.045279,96,1440,3431
qmof-902b24f,train,0.900049,53,753,3432
qmof-870f65c,train,2.148218,52,838,3433
qmof-ed9f93b,train,0.307709,232,3686,3434
qmof-c73f475,train,0.654178,116,2216,3435
qmof-ed4fdbe,val,2.935212,120,2242,3436
qmof-0a64c16,train,1.637371,151,1399,3437
qmof-f7bdc4d,train,0.831615,64,1010,3438
qmof-55c83e8,train,1.302744,162,2310,3439
qmof-6ebc141,train,1.004681,112,1018,3440
qmof-3d7d270,test,2.791159,79,1516,3441
qmof-53530b6,train,1.279741,113,1008,3442
qmof-a5eb56b,val,2.130583,100,1718,3443
qmof-b44d887,train,0.693268,148,2654,3444
qmof-140478c,train,3.208102,174,2364,3445
qmof-11e1ff2,train,1.828414,72,1236,3446
qmof-8539847,test,0.240514,54,854,3447
qmof-e89276b,train,2.786385,110,1922,3448
qmof-33553b3,train,3.040595,26,319,3449
qmof-402d546,train,1.380562,39,502,3450
qmof-a782aa7,test,3.002228,168,2882,3451
qmof-7f7afd2,train,2.06049,158,1632,3452
qmof-b9e8ae6,train,3.381431,222,3412,3453
qmof-f5056a0,train,2.016442,92,735,3454
qmof-cbfd0bc,train,3.191453,76,1069,3455
qmof-b8066b7,test,2.12849,76,806,3456
qmof-7733b97,test,0.272096,70,499,3457
qmof-17ee812,train,1.615961,164,2562,3458
qmof-e731356,train,2.238112,268,4386,3459
qmof-6c8fb74,val,3.523181,110,1802,3460
qmof-c7afe13,train,0.718183,90,1814,3461
qmof-8c3a7df,train,0.721598,54,915,3462
qmof-42b991c,val,1.516023,120,2434,3463
qmof-e12c654,train,1.348116,78,1226,3464
qmof-ba5647e,train,0.879974,57,963,3465
qmof-b605e3f,train,4.043331,128,2246,3466
qmof-9ab9d41,train,3.316016,39,576,3467
qmof-2e10675,train,2.664368,92,1442,3468
qmof-d4b91fb,train,2.805775,87,1421,3469
qmof-bc26dea,train,3.11402,102,1853,3470
qmof-23432b4,test,3.133368,49,822,3471
qmof-48fb4e9,train,2.336989,124,1865,3472
qmof-50a4b12,val,1.235669,52,830,3473
qmof-90a3f60,test,0.171316,84,951,3474
qmof-008776a,train,3.432113,108,1740,3475
qmof-9d7e189,train,2.024705,86,938,3476
qmof-7212f9b,train,3.070349,106,1909,3477
qmof-d9508ee,test,2.594184,112,1906,3478
qmof-6c85054,train,1.393648,152,1506,3479
qmof-d376793,test,2.811506,105,1447,3480
qmof-4566a23,train,2.260643,186,1390,3481
qmof-30f3806,train,0.251355,138,2452,3482
qmof-66283ef,test,1.346998,71,1292,3483
qmof-0315b97,val,0.918754,86,1556,3484
qmof-c9e1cbe,train,2.59458,69,1291,3485
qmof-3905c3b,train,2.132072,136,2324,3486
qmof-3119618,train,2.543862,100,1764,3487
qmof-63c56ae,train,0.582838,59,996,3488
qmof-f4cb7a6,train,1.710435,68,792,3489
qmof-efea375,val,3.465334,88,1244,3490
qmof-1580705,val,2.79558,114,1290,3491
qmof-2e121b8,val,3.141112,92,1510,3492
qmof-44c1049,val,1.178596,56,901,3493
qmof-7ae1c7d,train,1.071133,102,1622,3494
qmof-09a1847,test,0.997848,74,1170,3495
qmof-7b18880,test,2.879302,144,2262,3496
qmof-8a1f276,test,0.63,120,2532,3497
qmof-a6d9dca,test,2.603218,52,803,3498
qmof-d8e78b2,train,1.597902,210,2597,3499
qmof-dd779e9,train,1.739902,440,5532,3500
qmof-9791d0d,train,2.630374,84,1465,3501
qmof-56c641d,train,1.630121,94,1648,3502
qmof-87a7ada,val,2.374224,96,1552,3503
qmof-f5c1f71,val,0.867058,272,4914,3504
qmof-20f15a8,val,1.601114,91,697,3505
qmof-5797937,val,2.078273,130,1558,3506
qmof-d752b66,train,2.435232,120,2087,3507
qmof-d21be4e,test,0.484421,72,1162,3508
qmof-ca7a99c,train,1.098284,130,1154,3509
qmof-da3b4fb,val,3.0797,108,1630,3510
qmof-7c417f3,train,2.06203,102,2169,3511
qmof-b053409,train,2.96416,164,2149,3512
qmof-810ee9a,test,2.804976,240,2522,3513
qmof-0b6ef72,test,1.338696,136,1984,3514
qmof-253a66b,train,0.809605,140,2176,3515
qmof-009a8f3,train,2.933312,138,2124,3516
qmof-c64d9f3,train,2.149275,65,1007,3517
qmof-b6a8795,train,3.200436,62,830,3518
qmof-67ccd91,test,2.851491,32,414,3519
qmof-ada4011,val,2.430017,120,1179,3520
qmof-8d3595d,train,2.360053,92,1626,3521
qmof-974b2cb,test,0.928038,34,529,3522
qmof-acea064,train,0.042911,147,2142,3523
qmof-54ee0dd,test,2.404494,139,1666,3524
qmof-4d8cdcd,train,0.594368,59,1045,3525
qmof-3458460,train,3.204861,68,866,3526
qmof-1750b6c,train,2.191605,256,4470,3527
qmof-659dd1c,train,2.420224,100,1622,3528
qmof-317320a,train,3.866583,58,908,3529
qmof-04c1119,train,1.732277,428,5102,3530
qmof-f522cce,val,0.977455,86,1547,3531
qmof-8925726,test,0.374405,148,2533,3532
qmof-51a5518,train,1.408275,134,1057,3533
qmof-3f653e6,test,3.460644,165,1816,3534
qmof-9cb338e,val,4.052918,68,1210,3535
qmof-9619575,train,2.630702,134,1952,3536
qmof-5f7c6d5,test,0.66755,100,1918,3537
qmof-cd26d9d,train,3.369762,144,2239,3538
qmof-fa983d7,train,2.357458,258,3363,3539
qmof-40ab8ad,train,2.169011,144,2196,3540
qmof-95c22b4,test,1.41276,175,1606,3541
qmof-12612e8,train,2.652371,69,1111,3542
qmof-1e40cfc,train,2.886676,280,3730,3543
qmof-1ce6860,test,0.869533,156,2490,3544
qmof-ee705c4,test,0.676269,59,1105,3545
qmof-6068fe2,train,2.971487,106,1800,3546
qmof-330d191,train,0.493485,62,1262,3547
qmof-82f44d0,train,3.588362,42,564,3548
qmof-1ab1346,test,3.262978,104,1974,3549
qmof-4c64da3,train,0.045889,44,726,3550
qmof-9e7a2ea,test,1.650703,56,557,3551
qmof-4846b1b,train,4.275943,70,786,3552
qmof-b93f934,train,2.342476,222,1842,3553
qmof-ae3974c,test,3.313042,126,1832,3554
qmof-ef2e56c,train,1.528853,86,1601,3555
qmof-59df15e,test,2.838898,134,2506,3556
qmof-aaa921d,train,1.967526,276,3688,3557
qmof-83e56fe,val,0.93245,84,1500,3558
qmof-67b33e8,train,0.814869,104,1867,3559
qmof-15eff87,train,0.468393,94,1689,3560
qmof-3473fc0,train,2.488359,104,1688,3561
qmof-62678da,train,0.573611,76,774,3562
qmof-5aeab06,train,2.115484,162,1547,3563
qmof-beb31d6,train,4.113727,54,937,3564
qmof-d9fa5cf,train,2.841914,81,1258,3565
qmof-a40de84,train,1.87684,250,3872,3566
qmof-79d8511,train,3.288782,96,1170,3567
qmof-3a22435,train,0.882171,68,1205,3568
qmof-a4482ac,train,2.934614,122,2410,3569
qmof-6ef199f,train,3.507958,69,1003,3570
qmof-c207cf7,val,0.443284,58,974,3571
qmof-5fcd937,val,1.376724,160,1698,3572
qmof-249932b,train,0.216046,90,1432,3573
qmof-de0077f,train,0.744592,77,1415,3574
qmof-1c4f825,train,0.77122,68,1028,3575
qmof-31e0669,train,2.857602,262,3380,3576
qmof-8b50b3f,train,0.960357,126,1016,3577
qmof-d95feec,val,3.526935,84,1390,3578
qmof-f4d2cb4,train,2.14594,86,582,3579
qmof-975b706,val,0.806279,38,606,3580
qmof-a56ab4f,train,2.556622,104,1375,3581
qmof-3adb456,train,3.503736,50,398,3582
qmof-ce154fe,val,2.243325,97,1620,3583
qmof-235245e,train,3.362668,112,1764,3584
qmof-c709b2d,test,0.558072,100,1874,3585
qmof-d7c44a0,test,0.242326,41,592,3586
qmof-c067576,train,2.512687,86,1445,3587
qmof-70e1be7,train,0.814728,75,1504,3588
qmof-0bc3629,test,2.93209,80,1448,3589
qmof-10c6410,train,2.553958,56,881,3590
qmof-3d44993,val,1.135859,79,1609,3591
qmof-57cfbd2,train,0.851558,148,2419,3592
qmof-ed7cf13,train,2.74089,92,1068,3593
qmof-cbd2f4b,train,2.725635,130,2332,3594
qmof-da7a7b4,train,2.562676,64,886,3595
qmof-ce36f66,train,0.495,45,701,3596
qmof-9c8a380,train,2.990741,84,1434,3597
qmof-bdbf083,val,1.708077,56,562,3598
qmof-5a53386,train,2.138296,78,1242,3599
qmof-877d368,val,1.143369,72,906,3600
qmof-848fedb,train,3.758784,50,636,3601
qmof-6fa8209,test,1.949402,108,1112,3602
qmof-94194f3,train,2.253144,64,1040,3603
qmof-65586ab,train,0.422209,31,424,3604
qmof-3c935c8,train,1.282374,201,2181,3605
qmof-b3af55f,train,1.363621,68,900,3606
qmof-734131e,train,1.750529,344,5840,3607
qmof-2454337,train,2.133786,89,1441,3608
qmof-391f176,train,2.494338,84,1602,3609
qmof-7bed89e,train,3.012632,76,725,3610
qmof-ff00347,train,1.535518,144,1990,3611
qmof-0ffb4d8,val,4.649456,112,2028,3612
qmof-7794521,test,0.099164,222,2178,3613
qmof-0150f2b,val,3.229826,100,1848,3614
qmof-ef72fd7,val,0.954471,210,2000,3615
qmof-2740627,val,2.248692,44,775,3616
qmof-99b2b18,train,0.02161,110,1665,3617
qmof-8a18c1a,train,2.77501,84,1469,3618
qmof-695c22f,train,2.034608,168,2832,3619
qmof-4912765,test,2.432693,188,3234,3620
qmof-7fe879e,train,2.731487,72,1000,3621
qmof-955bb00,test,3.915747,156,2316,3622
qmof-149aeaf,val,3.604038,62,630,3623
qmof-a52e439,train,3.080951,66,1074,3624
qmof-68233bd,train,2.658423,132,1997,3625
qmof-5bdf40a,test,2.592344,138,1283,3626
qmof-2c386c3,val,3.043911,128,2358,3627
qmof-805d84d,train,0.449567,162,1174,3628
qmof-3e1c10a,train,0.522469,98,1865,3629
qmof-4178b92,train,2.728417,68,1258,3630
qmof-e372899,train,1.407943,174,1498,3631
qmof-8cfc29d,train,0.052416,40,615,3632
qmof-0153952,train,2.972567,82,1438,3633
qmof-cdc5769,test,1.307161,56,570,3634
qmof-be40ee3,train,0.42571,78,1374,3635
qmof-2f987c8,train,1.62514,66,835,3636
qmof-d9fb957,train,2.85566,116,2202,3637
qmof-ecd9526,test,2.614263,114,2256,3638
qmof-10c7c3c,train,0.912905,68,1123,3639
qmof-d571bd8,train,0.346983,108,1676,3640
qmof-286d537,train,2.272142,100,1870,3641
qmof-dffc51c,train,3.046306,216,3284,3642
qmof-3219dbc,train,1.947666,38,494,3643
qmof-1a6228b,test,3.113329,88,1518,3644
qmof-7a9afb6,train,2.421496,72,1084,3645
qmof-ed04df4,val,0.915671,104,1592,3646
qmof-6855b0e,train,0.316372,110,1733,3647
qmof-3121e49,test,2.66117,87,1618,3648
qmof-322e926,train,1.150133,100,1734,3649
qmof-34facea,train,3.111664,208,2962,3650
qmof-dff257b,test,2.573672,200,2808,3651
qmof-800addb,test,1.831571,102,952,3652
qmof-c808f5c,train,1.617013,92,1726,3653
qmof-3230917,train,3.376324,110,1903,3654
qmof-9b11723,train,3.652931,99,791,3655
qmof-1e0b61c,train,2.085788,162,1614,3656
qmof-82cb581,test,3.027591,98,1689,3657
qmof-993a419,train,2.800251,222,1802,3658
qmof-f16cf58,train,4.378909,54,1015,3659
qmof-3ce38c4,train,1.551367,84,1515,3660
qmof-0e8e396,val,2.835367,92,1450,3661
qmof-ef02703,val,0.726841,278,4528,3662
qmof-afd3d78,val,0.077833,84,1330,3663
qmof-fe66204,train,1.033448,120,2033,3664
qmof-55d409b,train,0.977636,83,1633,3665
qmof-0a9f80a,train,3.164015,108,2061,3666
qmof-723fa00,val,3.041625,196,2924,3667
qmof-463115a,train,0.714668,82,1484,3668
qmof-2aecb3c,train,1.213432,172,1152,3669
qmof-431f8cc,train,0.884779,82,736,3670
qmof-b32e4aa,train,0.982616,36,420,3671
qmof-a97a6cf,train,2.388213,148,2670,3672
qmof-63c5667,val,2.554399,178,1196,3673
qmof-3d87106,train,4.71621,68,1079,3674
qmof-013919a,train,0.684989,54,458,3675
qmof-415ffc4,train,2.82093,92,1480,3676
qmof-36d05de,test,2.314198,56,562,3677
qmof-3b5b6a1,train,3.560624,66,1019,3678
qmof-cc6a37f,train,2.905509,64,879,3679
qmof-9444f70,train,0.161248,388,6518,3680
qmof-68c173d,val,1.833226,140,1468,3681
qmof-cbb3b86,train,0.459304,80,694,3682
qmof-f24b82c,val,0.543044,108,1524,3683
qmof-21ceae6,train,0.779735,61,1008,3684
qmof-d12960f,train,0.906136,140,2166,3685
qmof-e34b785,train,2.149935,282,4312,3686
qmof-2397f35,train,5.197168,96,1824,3687
qmof-c7761f6,train,0.421164,83,1449,3688
qmof-ba40858,train,4.581699,25,300,3689
qmof-b40e587,train,2.426535,128,2112,3690
qmof-88bf4e5,test,2.878149,126,1276,3691
qmof-ec20604,train,0.712583,68,1012,3692
qmof-e70664c,val,0.796247,34,519,3693
qmof-886aa55,train,1.424647,214,3116,3694
qmof-e8e4106,train,1.966047,36,492,3695
qmof-749fa2f,test,2.032919,130,1943,3696
qmof-5ec4f3d,train,0.744544,84,1746,3697
qmof-d841e1f,train,2.307201,110,1896,3698
qmof-1dffe27,train,3.092967,104,1536,3699
qmof-cdc4d50,train,2.959844,58,937,3700
qmof-dbbcff4,train,0.944669,153,2277,3701
qmof-fdbbab3,train,3.263928,66,981,3702
qmof-81af911,train,0.907999,112,2080,3703
qmof-e6aa9fd,train,1.986747,168,2184,3704
qmof-a099a7e,test,1.718863,246,2443,3705
qmof-cf16545,train,2.778509,55,934,3706
qmof-6919937,val,0.960103,86,1550,3707
qmof-f652bd3,test,3.106202,68,792,3708
qmof-61d14dd,test,0.597607,136,2301,3709
qmof-2add0e5,train,2.38905,196,3316,3710
qmof-c286619,test,1.571061,64,717,3711
qmof-7aeed39,val,0.10874,102,1694,3712
qmof-25c87ad,train,2.932526,76,1190,3713
qmof-824dc63,test,0.551342,196,2905,3714
qmof-5b5d1a2,test,2.998267,58,944,3715
qmof-0fc9e65,val,2.299908,142,2178,3716
qmof-ad42031,train,2.66728,104,1524,3717
qmof-d9a2700,train,0.026635,90,912,3718
qmof-b5a0ed9,train,4.120079,112,1962,3719
qmof-d8ec019,train,2.314729,73,1157,3720
qmof-74d3352,test,1.669171,104,1002,3721
qmof-e534471,train,0.958191,56,789,3722
qmof-7a3ac3d,val,3.526457,136,2560,3723
qmof-5019d12,val,2.555104,64,1128,3724
qmof-e3e53e5,test,0.286986,120,1506,3725
qmof-e71ede6,train,2.578696,120,902,3726
qmof-2b9c0b8,test,1.720182,88,1130,3727
qmof-1c4a0c9,train,3.052021,78,1404,3728
qmof-98865a0,test,1.515175,86,606,3729
qmof-781236f,train,2.474533,98,1593,3730
qmof-1c23440,train,3.449955,124,2034,3731
qmof-106093e,test,2.019358,110,1972,3732
qmof-3de33e8,train,2.528565,44,425,3733
qmof-d492646,val,2.362721,154,1038,3734
qmof-b4f938f,test,2.356034,82,672,3735
qmof-0e22315,test,4.541855,25,300,3736
qmof-e62185c,val,0.377603,81,728,3737
qmof-8229e3e,train,0.727841,212,3714,3738
qmof-15285c1,train,0.908639,70,1011,3739
qmof-f9909c4,test,0.545371,150,2322,3740
qmof-cafa193,train,1.257758,150,1383,3741
qmof-97c3e6f,test,3.410361,330,4974,3742
qmof-6a10907,train,1.963504,116,1700,3743
qmof-9545770,train,0.107635,85,1660,3744
qmof-86c4ff7,train,4.340477,58,888,3745
qmof-e1b4a42,train,4.236036,156,1872,3746
qmof-f5b7d36,train,1.59865,158,1541,3747
qmof-f9bb5d3,train,3.103501,116,1896,3748
qmof-29c0bd6,val,0.977094,126,1154,3749
qmof-832230f,test,0.335391,67,1076,3750
qmof-6e18d70,train,0.445348,94,1740,3751
qmof-67cdba3,test,0.548257,94,1771,3752
qmof-2f4975f,val,3.061611,128,2312,3753
qmof-e5d44b6,train,5.160495,124,1658,3754
qmof-cc4453b,train,2.984718,92,1609,3755
qmof-7d8b8c4,train,1.213599,93,911,3756
qmof-dd6e687,test,1.643854,108,1910,3757
qmof-6524f20,train,2.85851,34,445,3758
qmof-f103f24,val,2.53268,66,1066,3759
qmof-99602aa,train,3.283281,81,1391,3760
qmof-583b75f,val,0.178799,92,1714,3761
qmof-5f07dc3,train,2.925484,64,652,3762
qmof-9dcc05b,train,2.420931,121,1247,3763
qmof-0205f07,train,4.166166,276,4254,3764
qmof-59cf43e,train,2.38521,96,1629,3765
qmof-2ca16aa,test,0.760542,24,264,3766
qmof-5e3d4b5,test,2.854391,104,1791,3767
qmof-214a25c,train,1.039215,82,717,3768
qmof-df44cd7,train,3.340863,72,986,3769
qmof-380a2f6,train,3.490052,84,1380,3770
qmof-87e0534,val,2.759251,86,1407,3771
qmof-a543e01,train,1.973403,126,2094,3772
qmof-ff3e7ef,train,2.336555,88,1224,3773
qmof-f17aef1,train,4.21915,104,1880,3774
qmof-61ccc62,test,0.837846,166,2512,3775
qmof-7edf2e5,train,2.433813,80,674,3776
qmof-01aff47,train,0.902607,118,2242,3777
qmof-706b6c0,test,1.522622,216,3756,3778
qmof-4269a79,train,0.434709,90,1510,3779
qmof-2bc6246,val,1.87455,280,5022,3780
qmof-37cc5d7,train,0.209291,168,2667,3781
qmof-dcfa5de,train,3.274877,76,782,3782
qmof-97d5d0e,train,1.013437,116,960,3783
qmof-0003ae4,train,4.561473,32,434,3784
qmof-07042a4,train,2.237754,124,1022,3785
qmof-1618ce0,train,2.48477,114,2075,3786
qmof-780219c,train,1.93495,180,2260,3787
qmof-94745cd,test,2.315632,108,1373,3788
qmof-60626cd,train,1.468315,110,1206,3789
qmof-5448086,train,2.001323,144,2428,3790
qmof-29be2c9,test,2.969166,352,3820,3791
qmof-3317db7,train,4.300329,36,529,3792
qmof-3ba6efd,train,3.126421,82,1367,3793
qmof-741b28f,val,2.113244,58,873,3794
qmof-e0a1a1a,val,3.259955,112,1520,3795
qmof-668c8ab,train,2.261233,108,1800,3796
qmof-1c2aa47,train,0.222911,49,796,3797
qmof-667784d,train,0.554475,176,1444,3798
qmof-dae0988,train,0.466734,400,7418,3799
qmof-399b130,train,0.964391,81,1248,3800
qmof-1a60fe1,train,2.432054,132,2417,3801
qmof-2964898,train,1.404786,122,2136,3802
qmof-bfb991a,train,2.39852,90,1596,3803
qmof-b58de2b,val,2.150375,156,1462,3804
qmof-c3bd46e,train,2.500148,208,3224,3805
qmof-af7608c,train,1.80271,364,4216,3806
qmof-011f2cc,val,3.361301,51,956,3807
qmof-9383c98,train,2.515412,92,1296,3808
qmof-a1d9b6f,train,1.692056,102,826,3809
qmof-abe19f3,train,1.372432,148,2614,3810
qmof-020dd5c,val,3.714767,76,1311,3811
qmof-8645d0d,val,3.255761,286,4194,3812
qmof-29040b3,train,0.847636,256,4326,3813
qmof-63714ea,train,1.976866,90,1086,3814
qmof-8f84700,train,2.35283,136,2026,3815
qmof-b806efd,train,0.828895,28,242,3816
qmof-c7e5f8e,train,0.761629,58,952,3817
qmof-008aa12,train,2.367016,84,809,3818
qmof-2e63a4b,train,3.278746,82,1104,3819
qmof-209afa7,train,3.926483,46,633,3820
qmof-4a926f9,train,0.460745,45,658,3821
qmof-9bef09e,train,2.759098,144,2566,3822
qmof-bc155dc,train,2.509992,34,493,3823
qmof-c7e6e15,train,0.509735,104,1408,3824
qmof-1b058a2,test,2.956534,116,2184,3825
qmof-0bb2748,val,3.248511,112,1752,3826
qmof-5533340,test,0.341742,82,1315,3827
qmof-efa5caa,train,2.821134,112,1492,3828
qmof-06fdc4b,test,2.710648,126,2086,3829
qmof-41291dd,train,2.920396,46,611,3830
qmof-916c1c5,train,2.205089,86,582,3831
qmof-76c8ad5,train,5.332079,100,1842,3832
qmof-8864214,train,2.424027,71,1397,3833
qmof-20d0f7c,test,0.934434,112,2082,3834
qmof-810a1c3,test,2.920457,92,1366,3835
qmof-09030cb,train,0.860472,104,2030,3836
qmof-0e4f65c,val,1.78258,99,1324,3837
qmof-510d507,train,3.158547,27,267,3838
qmof-815a5a8,train,3.144379,114,1780,3839
qmof-94a4870,test,2.953946,90,1350,3840
qmof-a24f2aa,train,2.40122,76,1145,3841
qmof-528c187,train,1.265243,88,1240,3842
qmof-b7479eb,test,0.893429,98,1772,3843
qmof-97c50c1,val,1.110417,88,1601,3844
qmof-5382407,train,1.814529,202,2790,3845
qmof-7ff0ebb,val,1.839232,50,764,3846
qmof-4695aa0,val,1.738434,212,3112,3847
qmof-d92d16a,train,0.730918,39,657,3848
qmof-8c2eca5,train,0.7052,74,1254,3849
qmof-ce182d3,train,1.738625,60,656,3850
qmof-3c9f875,train,3.256159,56,556,3851
qmof-24f3901,train,3.054361,104,1492,3852
qmof-530af98,train,0.768131,133,2470,3853
qmof-1f1fa29,train,0.23275,82,1512,3854
qmof-65714b1,train,2.176132,88,1381,3855
qmof-62f023c,train,2.352132,56,732,3856
qmof-5cbdbc0,train,0.158382,132,2003,3857
qmof-ed69b2b,train,4.620813,88,1570,3858
qmof-20f906c,train,0.762859,86,1036,3859
qmof-acc11bc,train,0.939674,98,1681,3860
qmof-da6b9c1,train,0.759154,143,1314,3861
qmof-15ede29,test,2.152143,144,2769,3862
qmof-38e5535,val,2.920868,78,1396,3863
qmof-27fd119,train,0.648732,136,1972,3864
qmof-baf873c,val,2.683111,102,1829,3865
qmof-b203da2,train,2.729306,146,2142,3866
qmof-a075c95,val,2.210654,57,834,3867
qmof-7243713,val,2.434737,192,2918,3868
qmof-cbc1066,train,2.138041,124,1446,3869
qmof-a141a72,train,2.106465,432,6350,3870
qmof-bd1d6cf,train,1.387315,94,1462,3871
qmof-f311c6d,train,1.331892,134,2071,3872
qmof-ecddce9,train,1.922158,114,1422,3873
qmof-db74e94,test,1.910637,80,1044,3874
qmof-8a65441,train,3.074818,110,1785,3875
qmof-d0264ec,train,3.445146,50,822,3876
qmof-b8aebf0,train,2.042006,132,1154,3877
qmof-cd6091d,train,4.481176,84,1626,3878
qmof-a2d700a,val,0.669456,364,5070,3879
qmof-37d5c1e,train,1.006792,108,2082,3880
qmof-2875770,train,0.869904,142,2062,3881
qmof-5c99aeb,train,2.358327,132,1916,3882
qmof-f12edcf,val,0.729946,64,808,3883
qmof-1518089,train,3.141136,188,3412,3884
qmof-459830d,train,2.568528,144,2548,3885
qmof-91b1821,train,0.565183,51,827,3886
qmof-7dfff4f,train,1.704716,187,2063,3887
qmof-8d529c3,train,2.615393,100,1738,3888
qmof-3417f6c,train,2.89352,86,1651,3889
qmof-0cd5578,train,4.450414,108,1906,3890
qmof-b9cf90b,train,3.131256,96,1808,3891
qmof-3f6d858,val,2.352545,135,1549,3892
qmof-b09e1e0,val,2.631785,50,814,3893
qmof-f199346,test,1.088483,360,5674,3894
qmof-fb04384,train,2.818123,80,1193,3895
qmof-56f4308,train,1.27975,90,1305,3896
qmof-f93c790,train,1.159416,120,1568,3897
qmof-c9cb5c8,test,0.380083,190,3615,3898
qmof-7322852,train,1.236642,86,1283,3899
qmof-dbb3d3c,train,1.947073,85,724,3900
qmof-a9bd3f7,train,1.531428,60,730,3901
qmof-67396eb,train,2.328041,76,1224,3902
qmof-e32c58a,train,3.492266,348,6270,3903
qmof-8a574ac,test,2.872643,232,3362,3904
qmof-ddf978d,train,0.935425,82,1532,3905
qmof-fd7b5c4,train,0.945246,186,2518,3906
qmof-4a5ca9f,train,1.268602,76,1340,3907
qmof-d0649ba,train,3.731713,40,508,3908
qmof-2ee608c,train,2.980367,100,1632,3909
qmof-f70fff5,train,3.148486,100,1636,3910
qmof-dd825f1,train,1.400817,176,3052,3911
qmof-7e6dc97,val,0.469438,314,5232,3912
qmof-39c8634,val,2.477842,136,2080,3913
qmof-7c2f557,train,2.841933,118,1950,3914
qmof-9a67fd7,train,2.024457,112,1812,3915
qmof-f986f08,test,2.330178,48,658,3916
qmof-7fae0e3,train,2.030884,208,3214,3917
qmof-a1ea762,val,2.49906,132,2214,3918
qmof-f257e1e,train,4.520267,50,698,3919
qmof-2b29f90,train,0.082435,49,786,3920
qmof-8dd5b92,train,1.931362,96,1802,3921
qmof-2b95566,train,1.266222,144,1741,3922
qmof-3209aae,val,2.695837,96,1398,3923
qmof-93fec81,train,0.560962,90,1262,3924
qmof-c6a0c39,train,0.564863,142,1660,3925
qmof-600884a,train,2.853504,102,1583,3926
qmof-f6e88bc,train,2.744422,132,1932,3927
qmof-2a537d2,train,0.534434,88,1560,3928
qmof-8746f65,train,0.901394,86,1492,3929
qmof-46659d2,train,2.90874,98,1929,3930
qmof-1b9756c,train,2.07176,128,2228,3931
qmof-823ca7f,train,2.284882,120,2165,3932
qmof-96ee4f0,train,0.869481,76,1264,3933
qmof-417cefc,test,1.270217,70,1110,3934
qmof-743e808,train,4.137849,118,2128,3935
qmof-a2b2c64,train,2.766393,96,1655,3936
qmof-6fb6dea,train,1.50328,77,1561,3937
qmof-99155ad,train,4.870314,84,1434,3938
qmof-284d34c,val,1.221219,184,3320,3939
qmof-6f58bfd,train,0.671161,41,521,3940
qmof-999d9d0,val,1.705884,76,806,3941
qmof-313a301,train,0.564965,67,1128,3942
qmof-8f407b6,train,2.716393,80,1466,3943
qmof-90e1089,val,3.27242,200,2506,3944
qmof-ff35f32,train,3.139953,60,828,3945
qmof-d389267,test,0.341571,240,3758,3946
qmof-21d78c0,train,2.090674,248,3248,3947
qmof-c566277,train,0.499902,90,1532,3948
qmof-90e2627,train,3.119914,108,1676,3949
qmof-f57add2,train,0.881334,54,858,3950
qmof-95f2218,train,2.369034,54,847,3951
qmof-65631c4,train,2.900406,336,4374,3952
qmof-311d91b,train,4.521304,90,944,3953
qmof-e9ceb52,train,0.918295,162,1526,3954
qmof-1e540dd,train,1.6803,80,1476,3955
qmof-73f891c,train,1.490942,304,5206,3956
qmof-eda13fa,train,0.820182,190,3003,3957
qmof-2cfeca5,train,2.309244,116,1712,3958
qmof-5910f14,train,2.014027,138,1317,3959
qmof-9bbd35b,val,1.556291,116,2050,3960
qmof-bd45ea2,test,3.002245,122,2158,3961
qmof-3b028dc,test,1.394698,148,2508,3962
qmof-8d12325,train,2.316331,64,616,3963
qmof-92e7fb5,test,2.679878,61,563,3964
qmof-f3347b7,val,4.969925,46,865,3965
qmof-07d83a4,val,2.977527,142,2541,3966
qmof-a72679c,train,4.740944,188,2786,3967
qmof-f9f0858,val,2.624868,40,330,3968
qmof-68d5d34,train,2.701806,86,681,3969
qmof-1863adb,val,3.481661,80,1684,3970
qmof-aa92de8,train,3.587751,74,1250,3971
qmof-d276d4c,train,2.643852,100,1950,3972
qmof-4e25873,train,0.930732,44,720,3973
qmof-a5f444a,train,4.580384,60,1032,3974
qmof-ead32c0,train,2.508478,60,991,3975
qmof-f48c59c,train,2.12391,54,560,3976
qmof-3351730,train,3.020235,128,2385,3977
qmof-35b83fb,train,0.938378,136,2284,3978
qmof-00caa56,train,0.436511,86,1402,3979
qmof-1e5e473,train,1.982559,94,1664,3980
qmof-47ccac3,train,2.221906,86,1318,3981
qmof-f7478bc,train,0.837898,234,2598,3982
qmof-9b31c46,test,2.159689,122,2087,3983
qmof-6c4f676,train,2.406055,142,2366,3984
qmof-58c45b1,train,3.352914,32,425,3985
qmof-3ab9cbf,val,1.985,180,2766,3986
qmof-d51f680,val,3.031567,80,1038,3987
qmof-48ff45a,train,0.416451,142,2188,3988
qmof-9247cfe,test,2.351636,58,730,3989
qmof-1bc3b06,test,2.941736,80,1465,3990
qmof-453d314,train,1.280588,61,968,3991
qmof-4b764bf,train,3.4813,192,3390,3992
qmof-1ef74a7,train,1.143112,172,2751,3993
qmof-faf2699,train,2.315994,376,5706,3994
qmof-ef48139,val,0.072694,104,1424,3995
qmof-afa9eee,train,3.454673,30,387,3996
qmof-94de1ca,train,3.25116,62,824,3997
qmof-3356268,test,1.255066,184,3062,3998
qmof-e989a0b,val,2.991307,52,726,3999
qmof-248bc84,train,2.166949,156,2575,4000
qmof-07c1136,train,2.921344,88,1192,4001
qmof-33a3e83,train,2.518665,108,2027,4002
qmof-d9d0b10,train,0.427372,80,1296,4003
qmof-bf5d627,train,1.870162,104,879,4004
qmof-83713ea,train,0.511061,69,1233,4005
qmof-eb61052,train,2.531737,48,851,4006
qmof-ef45231,val,0.968779,168,2156,4007
qmof-f78ad77,train,4.561937,44,663,4008
qmof-98f664f,train,0.808574,122,1021,4009
qmof-3bd7f7d,train,1.828206,148,1376,4010
qmof-3b4f59b,train,3.473782,68,1264,4011
qmof-1937b4e,train,2.609995,82,1466,4012
qmof-58f416c,test,2.160501,228,1649,4013
qmof-52e7267,val,2.703312,120,1498,4014
qmof-344d33b,train,0.756128,182,1929,4015
qmof-38dfb7a,train,0.821383,43,702,4016
qmof-8d490d4,train,2.359369,68,1218,4017
qmof-3b6a809,train,3.61956,88,1028,4018
qmof-ac12371,train,0.867531,162,2671,4019
qmof-60e5f9b,train,2.146534,114,1712,4020
qmof-f44b97c,train,2.367533,132,1902,4021
qmof-3c5c124,train,0.908876,86,1466,4022
qmof-27bbb6a,test,0.271966,22,223,4023
qmof-e2524bf,train,2.549475,128,2399,4024
qmof-98d669a,train,3.572836,80,1160,4025
qmof-8c0f5e2,train,2.334347,44,701,4026
qmof-3669068,test,0.976075,188,3194,4027
qmof-2d84c77,train,0.104579,54,540,4028
qmof-105bba5,test,2.70759,218,3949,4029
qmof-5b40d48,train,2.219755,112,1979,4030
qmof-e2b9aa4,val,1.111281,84,1476,4031
qmof-389b9da,val,3.522433,32,444,4032
qmof-def4cfb,train,2.27136,140,2266,4033
qmof-5ca2d92,train,3.213567,132,2258,4034
qmof-f0c1c90,train,2.046047,132,1629,4035
qmof-5d009d5,train,0.91577,140,2060,4036
qmof-2c06bb8,train,3.127894,240,2704,4037
qmof-95b134a,val,4.463085,76,1362,4038
qmof-3a46a0e,train,3.285869,119,1782,4039
qmof-61f9572,train,0.175898,72,888,4040
qmof-b697d31,train,2.666206,136,2198,4041
qmof-34c6dd2,test,0.116842,112,1630,4042
qmof-fe94e1d,test,2.388564,86,1274,4043
qmof-8d610b4,train,2.464817,60,630,4044
qmof-9cf785b,train,2.724093,118,2106,4045
qmof-aa064b6,train,3.197159,140,2294,4046
qmof-6977d9d,train,1.135849,46,795,4047
qmof-00324c8,train,2.894774,106,1708,4048
qmof-9493f53,test,2.183381,68,1274,4049
qmof-3ed90b5,train,2.30383,28,345,4050
qmof-d5e3f1f,train,2.472865,41,375,4051
qmof-4a4c3dc,train,4.89188,62,986,4052
qmof-ab0e24b,train,0.436295,138,1673,4053
qmof-15bcb48,train,2.074769,78,1138,4054
qmof-6bca9b9,val,1.531637,55,982,4055
qmof-68d0826,train,1.075391,105,849,4056
qmof-be3ffea,train,1.049871,73,1201,4057
qmof-406c44b,val,2.21119,106,1788,4058
qmof-f1bf5ff,train,1.701986,207,2592,4059
qmof-f529638,train,1.817543,126,2042,4060
qmof-0f2f881,train,3.213322,100,1554,4061
qmof-6f72687,test,1.958724,82,1565,4062
qmof-b76118a,train,0.283704,76,1286,4063
qmof-4afff6e,train,2.147307,140,1349,4064
qmof-772c3d9,train,2.761411,104,1786,4065
qmof-b4156cd,train,4.836923,38,620,4066
qmof-ecf163d,train,0.236015,114,2196,4067
qmof-ec4f755,train,2.20271,276,3236,4068
qmof-b298211,val,2.499374,124,1750,4069
qmof-f9d1025,val,0.263182,360,5471,4070
qmof-17c6faa,train,2.867389,159,1967,4071
qmof-db6a412,train,3.587103,148,2684,4072
qmof-9b0ccbd,train,0.492882,82,1350,4073
qmof-f754d4b,train,0.456942,50,672,4074
qmof-42411d8,train,2.108797,98,1639,4075
qmof-9488d31,train,3.412804,129,1186,4076
qmof-36e99dc,test,4.129886,132,2452,4077
qmof-026e9ca,train,3.285206,60,1002,4078
qmof-e74298d,test,2.738205,146,2700,4079
qmof-547262c,test,1.071229,75,1401,4080
qmof-3839bb1,train,1.71633,92,1734,4081
qmof-88c8be3,val,0.962512,86,1456,4082
qmof-872b235,val,2.223301,36,447,4083
qmof-aaa4160,train,0.076406,62,1004,4084
qmof-ace4b80,train,3.152966,102,1505,4085
qmof-468de1c,test,0.963749,80,1466,4086
qmof-5b30551,test,2.94263,144,2610,4087
qmof-5263eb0,test,0.505271,82,1399,4088
qmof-cbb7574,test,2.679357,92,1223,4089
qmof-52d91e0,train,2.97373,62,984,4090
qmof-010c828,val,1.087453,178,2376,4091
qmof-2c1dd80,train,1.539707,106,1220,4092
qmof-0cd15a7,train,0.817204,320,5038,4093
qmof-f38caad,test,1.290368,118,1700,4094
qmof-cae19ba,train,1.688601,108,1163,4095
qmof-e6c9e36,train,2.497871,312,4168,4096
qmof-0234a03,train,3.497799,72,887,4097
qmof-e647695,train,1.344375,120,1183,4098
qmof-fead38a,train,2.203011,84,724,4099
qmof-6b9969b,train,3.186505,86,1563,4100
qmof-e08db99,train,0.685145,76,1354,4101
qmof-e9f07f1,test,3.182986,276,4328,4102
qmof-ec02694,val,1.331632,84,1059,4103
qmof-d0bf550,val,1.214883,116,1884,4104
qmof-a7aff20,train,2.318529,86,1490,4105
qmof-1fdc7b8,test,2.269969,76,842,4106
qmof-9a3d32f,train,1.059864,148,2322,4107
qmof-f22f6f8,train,0.680491,47,705,4108
qmof-8c2e3e2,train,0.761331,172,1465,4109
qmof-3d08513,train,1.008275,60,748,4110
qmof-8ce5833,test,2.055366,96,1573,4111
qmof-cd46c95,val,2.989608,136,2082,4112
qmof-63e34f0,val,1.033633,80,648,4113
qmof-5bc7a5e,train,3.590001,88,1360,4114
qmof-9c49b78,val,3.592387,36,356,4115
qmof-90fa460,val,2.877789,102,1875,4116
qmof-d0e3270,train,0.678924,50,776,4117
qmof-b46c893,train,0.499876,148,2854,4118
qmof-06d4779,train,2.34649,79,651,4119
qmof-ea9dec3,test,3.072215,56,800,4120
qmof-8f9b8e4,train,3.19386,176,2760,4121
qmof-7df2ad4,train,3.560848,80,1152,4122
qmof-30e9498,train,2.429274,94,1813,4123
qmof-6a1b02d,val,3.19779,72,772,4124
qmof-2fd988a,train,2.727991,118,2063,4125
qmof-d4b9216,train,0.760678,108,2033,4126
qmof-cf9b31e,train,3.620173,54,842,4127
qmof-42ef884,val,2.434354,76,1108,4128
qmof-efe3730,train,2.56952,56,896,4129
qmof-01060b4,val,2.553546,80,1224,4130
qmof-5fd3808,train,3.03744,148,2586,4131
qmof-7da92ed,train,2.30913,68,1060,4132
qmof-2dd47d8,train,1.607144,90,854,4133
qmof-1586837,val,1.663311,122,1312,4134
qmof-3beea42,train,2.658647,116,1295,4135
qmof-46d960b,test,2.893796,72,1320,4136
qmof-388c615,train,2.74782,132,2260,4137
qmof-ed20cf9,val,1.491371,86,606,4138
qmof-e4e85bb,train,2.251086,37,364,4139
qmof-1c68c64,train,2.264423,76,1002,4140
qmof-73112fe,test,2.694571,76,1190,4141
qmof-d007203,train,3.083074,108,1696,4142
qmof-44477e2,train,2.126752,52,634,4143
qmof-c128664,train,2.451311,166,1754,4144
qmof-eae6c15,train,3.238503,62,898,4145
qmof-35921c5,train,1.663367,232,4255,4146
qmof-68ec4be,test,1.593603,80,1184,4147
qmof-67d5226,train,2.051373,138,2211,4148
qmof-c20a6d8,train,0.641226,38,497,4149
qmof-02d5be9,train,2.322954,104,1274,4150
qmof-5b34637,train,2.73915,116,1928,4151
qmof-9659d87,train,3.035339,66,806,4152
qmof-0fac6c2,test,1.611119,28,226,4153
qmof-455ae06,train,0.315217,250,4334,4154
qmof-4c1a060,train,0.863349,69,1272,4155
qmof-8c3ae1d,train,2.443615,94,1712,4156
qmof-29aefb0,train,3.364117,80,1072,4157
qmof-49d20c6,test,4.603273,128,2356,4158
qmof-785cf78,train,2.567014,54,793,4159
qmof-8d0f063,val,2.421798,25,284,4160
qmof-f6f7cfa,train,3.3729,380,6097,4161
qmof-bb8dddc,train,2.625478,148,2738,4162
qmof-5dc72f9,train,0.502841,109,1956,4163
qmof-1071e49,train,0.388788,62,940,4164
qmof-4780535,train,3.224866,79,1584,4165
qmof-4d635ee,val,1.148219,220,2199,4166
qmof-cc8a4be,train,0.835625,58,748,4167
qmof-04459f0,train,1.339644,144,2674,4168
qmof-5a63e9d,train,3.313956,70,1156,4169
qmof-b094b1a,train,1.490322,234,3823,4170
qmof-75d666e,train,3.082291,66,886,4171
qmof-e7e8378,train,1.625399,82,694,4172
qmof-db81b8a,train,1.637721,112,1072,4173
qmof-d81f26e,val,2.752748,112,1922,4174
qmof-c0463aa,val,0.523035,74,644,4175
qmof-b155f2f,train,0.575763,130,1196,4176
qmof-c054f0b,train,0.371916,30,222,4177
qmof-bf35637,val,0.591402,31,269,4178
qmof-04b37b6,train,2.148299,101,800,4179
qmof-ff5bd85,train,0.79157,107,868,4180
qmof-c7f9786,val,1.922147,212,3494,4181
qmof-f9d7350,train,1.988522,90,1595,4182
qmof-a9be0f4,train,2.07571,70,1103,4183
qmof-26d80f2,train,2.716823,144,2402,4184
qmof-e226b30,train,4.538339,200,3460,4185
qmof-e62d92a,train,1.306446,85,1126,4186
qmof-5c3e66d,test,3.973923,94,1288,4187
qmof-1a54c0d,train,4.367941,70,780,4188
qmof-3a17125,train,0.812169,165,3090,4189
qmof-24a8d59,train,3.789904,92,1392,4190
qmof-8097d72,train,2.135687,92,1160,4191
qmof-1a13c5a,train,2.50929,186,2540,4192
qmof-d751b44,train,2.169681,132,1222,4193
qmof-1182ebe,train,0.599388,71,1179,4194
qmof-11ec06f,train,0.281833,54,459,4195
qmof-5b7ffc4,train,2.362762,140,2030,4196
qmof-a7f15a5,train,1.442036,64,1166,4197
qmof-cc48a59,train,3.55558,64,1027,4198
qmof-f313ae0,val,0.207669,42,683,4199
qmof-2efade9,train,2.29705,228,1592,4200
qmof-62cf3da,val,2.350551,392,4698,4201
qmof-00e5ea7,train,2.554302,56,733,4202
qmof-8045d77,test,0.966142,74,1049,4203
qmof-de509d5,train,4.989886,100,1358,4204
qmof-5fed045,train,0.474022,186,2424,4205
qmof-7960965,test,0.235174,218,3092,4206
qmof-7931216,test,1.643763,92,1294,4207
qmof-b72c236,train,6.186999,30,344,4208
qmof-93008c0,train,1.346252,120,1141,4209
qmof-f5a8443,train,1.250367,74,1026,4210
qmof-acc8248,train,0.807024,68,696,4211
qmof-f83c6ad,train,0.446989,68,980,4212
qmof-612faa4,train,4.263264,52,772,4213
qmof-cc83b68,train,1.768074,78,1351,4214
qmof-13f00c5,train,2.285934,86,1522,4215
qmof-c3ee816,test,0.775896,50,696,4216
qmof-26fbb22,train,2.420727,56,535,4217
qmof-397dea5,test,2.725363,112,1842,4218
qmof-5fd4397,val,4.616828,62,929,4219
qmof-e76d4a3,test,1.834359,64,749,4220
qmof-150781e,train,3.165041,98,1616,4221
qmof-0a4649f,train,2.739523,48,803,4222
qmof-9cc65c5,train,1.505696,106,1080,4223
qmof-ec0a22b,val,3.637363,76,1308,4224
qmof-7833268,train,3.202606,56,548,4225
qmof-67bb876,train,3.077193,60,1052,4226
qmof-e8b1a76,test,0.888164,94,1761,4227
qmof-b5c7314,train,1.062703,104,1221,4228
qmof-e24fcbb,val,4.253354,70,1260,4229
qmof-c9e3c56,train,1.887301,44,682,4230
qmof-2ff52f1,train,0.270342,56,652,4231
qmof-8f41817,train,1.784587,54,450,4232
qmof-647f2f7,test,1.768679,90,1528,4233
qmof-85fbc0d,train,0.938007,82,1622,4234
qmof-f774737,train,1.600252,122,2058,4235
qmof-137c32e,train,2.168201,48,614,4236
qmof-ebbc900,train,4.42904,404,6600,4237
qmof-55eb937,test,2.903419,292,5312,4238
qmof-aa90302,train,0.72605,54,534,4239
qmof-ecadfbd,val,4.25769,47,822,4240
qmof-70ee8af,train,1.477822,158,1698,4241
qmof-d22e1ac,train,2.406512,100,1829,4242
qmof-f1a089b,train,2.27927,31,247,4243
qmof-8af2c4b,train,0.844503,88,1296,4244
qmof-c3c40c6,train,2.299545,72,1020,4245
qmof-76ace93,test,1.763455,68,1038,4246
qmof-390913b,train,1.477778,82,1493,4247
qmof-69eec2b,train,0.353714,96,1559,4248
qmof-276fc31,train,0.831896,114,883,4249
qmof-f063351,train,0.640951,172,2435,4250
qmof-3288dd3,train,0.966096,88,1206,4251
qmof-d49358a,test,3.062435,56,603,4252
qmof-3d10c56,train,2.485247,78,1444,4253
qmof-b95f9af,test,2.248314,104,1504,4254
qmof-26ebc0e,train,2.868153,100,1658,4255
qmof-7209f04,val,2.737728,94,1444,4256
qmof-b61d76e,train,0.551234,114,1729,4257
qmof-449f257,test,1.530447,92,858,4258
qmof-e5ce60a,test,2.376122,108,1898,4259
qmof-d8bc158,test,1.968552,138,1169,4260
qmof-3e6ec79,test,1.612091,104,1662,4261
qmof-9adf032,train,1.020823,228,1604,4262
qmof-51b0afb,train,1.908972,104,1027,4263
qmof-053dc27,train,0.908328,100,1841,4264
qmof-6b82caa,train,0.062008,66,1006,4265
qmof-4c96c0d,train,2.199248,40,480,4266
qmof-060e1c4,train,4.854172,88,1563,4267
qmof-b3b9d5b,train,0.216647,128,1815,4268
qmof-950a070,train,2.748171,62,826,4269
qmof-6e20725,train,0.579792,196,2475,4270
qmof-dc4c416,train,0.665272,94,1682,4271
qmof-abe1837,train,3.62826,352,6034,4272
qmof-ba60a35,train,1.599156,102,1213,4273
qmof-ff5eefd,val,1.562937,96,1292,4274
qmof-f10aa00,train,0.337889,24,271,4275
qmof-404ee41,train,2.624102,140,2666,4276
qmof-4084077,train,3.912117,100,1888,4277
qmof-5c354ae,test,1.006802,210,3333,4278
qmof-dd67326,test,3.135393,110,1862,4279
qmof-4597bbd,train,0.587971,72,871,4280
qmof-99cdb42,val,0.555349,106,1708,4281
qmof-42dbbc2,train,0.744386,71,1301,4282
qmof-d950595,test,2.682527,52,874,4283
qmof-0ef13af,val,4.417269,78,1362,4284
qmof-1117cd8,train,1.603474,102,964,4285
qmof-7b9dc87,val,3.024579,116,1880,4286
qmof-96226c0,train,3.205823,96,1440,4287
qmof-c6a4edf,test,2.038046,224,3612,4288
qmof-63c3734,test,1.650022,126,1754,4289
qmof-83bc42a,test,4.41177,74,1206,4290
qmof-5c2c834,val,2.16338,96,1412,4291
qmof-069e51d,train,2.51166,62,942,4292
qmof-e44d943,val,1.408493,80,1287,4293
qmof-1c906c4,test,2.705323,96,1494,4294
qmof-1547f0e,train,0.786722,104,1687,4295
qmof-e2670cd,val,0.593421,118,1216,4296
qmof-3843ed6,train,1.773178,148,2222,4297
qmof-306aa03,train,0.276731,188,3179,4298
qmof-ac05bde,test,3.516242,136,2518,4299
qmof-050c9e8,train,2.196862,48,464,4300
qmof-7000e4d,train,2.834914,88,1337,4301
qmof-882e6a8,test,1.58828,80,1289,4302
qmof-43a7019,train,3.117852,60,818,4303
qmof-cdb38eb,train,2.980813,116,1862,4304
qmof-2762336,train,2.742679,140,2183,4305
qmof-796fd5c,train,2.145321,77,1310,4306
qmof-7541f7a,train,0.958078,49,853,4307
qmof-8975a46,train,0.367157,180,2638,4308
qmof-99e415f,train,4.54303,64,860,4309
qmof-8da777e,train,3.818935,88,1234,4310
qmof-16049c4,train,2.521689,100,732,4311
qmof-e84ed41,train,3.013697,104,1662,4312
qmof-71cc7da,train,0.791551,56,742,4313
qmof-0444ac2,train,1.107878,78,1384,4314
qmof-cd491a0,train,2.74433,164,2222,4315
qmof-6723029,train,3.068844,28,252,4316
qmof-76f719c,val,3.056198,40,669,4317
qmof-6614087,test,2.161122,112,1871,4318
qmof-6a1242b,train,4.480195,84,1712,4319
qmof-47c8976,train,5.033353,60,1140,4320
qmof-2e34efd,train,1.266187,76,611,4321
qmof-596e2b4,test,1.542551,177,1885,4322
qmof-a3576ea,test,1.274362,100,873,4323
qmof-3876daa,train,4.782946,100,1594,4324
qmof-8bd5dca,train,1.48258,80,1140,4325
qmof-2e932db,train,3.066057,108,1236,4326
qmof-db46c4e,train,0.951105,28,371,4327
qmof-87d1c3f,test,2.572117,56,632,4328
qmof-3400eb7,test,3.925318,76,1066,4329
qmof-7ff8dd7,train,0.748978,114,953,4330
qmof-28d9278,train,2.874518,152,2186,4331
qmof-bd852be,train,3.490528,100,1726,4332
qmof-50ebe70,train,2.60752,128,2314,4333
qmof-de50972,train,2.554918,312,3392,4334
qmof-73b729a,train,3.245366,66,1044,4335
qmof-7a6767f,train,0.206457,296,4993,4336
qmof-0565e78,train,2.802997,140,1318,4337
qmof-b2529fd,test,2.300942,92,917,4338
qmof-f70be8e,train,1.601623,64,707,4339
qmof-d85ca31,test,3.291508,104,1340,4340
qmof-69e96ed,train,1.030157,92,820,4341
qmof-052af2d,train,2.285565,114,2007,4342
qmof-9df1bb0,train,2.634833,78,1390,4343
qmof-33dcd2c,test,2.353888,96,1278,4344
qmof-349a9a4,train,2.913762,156,1356,4345
qmof-3348556,train,1.550365,60,748,4346
qmof-9d28a0a,test,1.742445,84,927,4347
qmof-27a2b4b,test,1.996503,78,1233,4348
qmof-f4ccf24,test,3.02288,56,824,4349
qmof-0c0c81d,train,2.94982,268,4660,4350
qmof-772a696,train,2.518586,244,1835,4351
qmof-2aec50f,val,0.194697,96,1879,4352
qmof-d29bb99,test,2.328402,50,786,4353
qmof-229c7a4,train,2.927187,110,1809,4354
qmof-7ef0e18,train,2.990565,60,886,4355
qmof-2102fc6,train,2.780897,102,1995,4356
qmof-60ed3b0,train,0.957272,92,1798,4357
qmof-4b4a465,test,2.522952,248,3012,4358
qmof-52917da,val,2.160804,76,946,4359
qmof-41074b5,train,1.938365,53,345,4360
qmof-1d06df3,test,1.550079,170,2978,4361
qmof-a3a73b2,test,3.040088,134,2543,4362
qmof-67a6473,train,0.411266,170,2850,4363
qmof-b830655,train,1.64995,54,396,4364
qmof-da0d411,train,2.257331,208,1696,4365
qmof-fe7c85d,train,1.923681,132,2056,4366
qmof-a04209a,train,1.066139,152,1889,4367
qmof-8a3ffa2,train,1.440296,68,972,4368
qmof-e4df938,train,2.320964,57,721,4369
qmof-6d2fc7d,train,0.053015,41,501,4370
qmof-171d834,train,2.94317,264,3764,4371
qmof-f21d595,train,2.859476,268,3817,4372
qmof-aef345f,train,2.955122,54,937,4373
qmof-ccef97a,val,3.049065,92,1410,4374
qmof-aa9cbff,test,3.028225,36,446,4375
qmof-20e404f,train,0.622186,152,1250,4376
qmof-4d13400,train,4.100356,70,1216,4377
qmof-8f72f08,train,2.308197,158,1707,4378
qmof-2cc1b33,train,0.107378,272,2724,4379
qmof-76f9a91,test,1.460009,56,459,4380
qmof-09ad581,train,0.835215,131,1875,4381
qmof-b222296,train,4.11931,68,852,4382
qmof-68f7719,test,3.234102,100,1626,4383
qmof-05cf9f3,test,1.711059,112,2220,4384
qmof-91c04d1,train,0.4315,69,1174,4385
qmof-3450d20,test,2.428254,118,1267,4386
qmof-75d19c9,train,2.980232,452,7982,4387
qmof-d32f614,val,0.037405,112,1544,4388
qmof-b7f954d,test,1.329085,77,1272,4389
qmof-a19fb5f,train,3.136275,108,2002,4390
qmof-c8f59a6,test,0.783983,94,1385,4391
qmof-dc7e5a3,train,1.071221,60,696,4392
qmof-74bdf68,test,0.58878,56,852,4393
qmof-afd8a66,test,1.737924,112,1860,4394
qmof-3983644,test,0.684214,168,2136,4395
qmof-4b509da,train,2.441866,110,1934,4396
qmof-8e63579,val,0.118156,86,1008,4397
qmof-0204d66,train,1.985546,145,2214,4398
qmof-53e5178,train,3.743154,48,654,4399
qmof-548283f,test,2.618234,61,1188,4400
qmof-d190992,train,0.540178,186,2484,4401
qmof-b2ea3a6,train,3.045532,148,2714,4402
qmof-c7d5cdb,train,1.963286,208,2773,4403
qmof-003cb6c,train,0.519614,144,2600,4404
qmof-14332ab,train,2.37492,149,1395,4405
qmof-8ad9c54,train,0.952784,75,1245,4406
qmof-80c1ca8,train,3.134795,97,1734,4407
qmof-74178b4,val,3.299524,188,2748,4408
qmof-f293ac8,val,0.933178,160,2296,4409
qmof-acef972,train,2.502642,66,1108,4410
qmof-df493b0,train,2.118644,76,996,4411
qmof-b97fe67,train,3.715134,120,2424,4412
qmof-de6e290,train,2.021923,208,3236,4413
qmof-c5000eb,train,0.49555,172,2476,4414
qmof-3e56926,train,2.487377,86,1232,4415
qmof-f199ab9,train,1.862376,108,1145,4416
qmof-275dcce,train,1.397533,100,1544,4417
qmof-b50e343,train,2.083501,296,5174,4418
qmof-0cecd6b,train,3.033885,56,518,4419
qmof-b448093,train,0.72071,53,869,4420
qmof-5a531c0,train,5.011314,60,1041,4421
qmof-9060c8b,train,1.179218,196,2866,4422
qmof-3e96a80,val,0.910769,68,995,4423
qmof-2011f40,train,0.864917,56,883,4424
qmof-3cf8e56,train,0.261305,344,5444,4425
qmof-c5b0b23,val,2.402714,67,699,4426
qmof-fd48368,train,2.878735,53,820,4427
qmof-7a117a2,train,1.092999,76,1097,4428
qmof-2aa6596,val,2.053857,144,2570,4429
qmof-0526948,train,3.679991,76,1086,4430
qmof-114133e,test,1.067776,84,1144,4431
qmof-569fecc,train,0.996556,101,1822,4432
qmof-38b18d7,train,0.077618,26,274,4433
qmof-1c14e71,train,0.968912,156,2056,4434
qmof-b7a2d03,train,1.655797,152,2564,4435
qmof-5ad4ee3,train,3.159401,72,864,4436
qmof-0bcdb78,test,3.292651,44,734,4437
qmof-1c25053,train,1.218589,66,817,4438
qmof-add50d6,train,2.251949,142,2525,4439
qmof-1aec1d8,train,3.407185,60,572,4440
qmof-594c034,val,1.710403,116,1142,4441
qmof-e7a1a72,train,1.40584,114,1845,4442
qmof-a20a60f,train,2.601724,92,1625,4443
qmof-70d8452,test,3.199233,136,2478,4444
qmof-fa42a94,train,0.452308,132,1603,4445
qmof-bf65e5f,test,1.637366,72,721,4446
qmof-14c486f,train,3.515158,136,2580,4447
qmof-ed1424d,test,2.461883,90,1321,4448
qmof-18ff2a1,train,2.031436,188,2664,4449
qmof-923ce21,train,0.498518,59,1068,4450
qmof-ad3c4dd,train,1.768708,156,1603,4451
qmof-dfe761c,train,4.504398,36,567,4452
qmof-309f598,train,2.199701,124,1692,4453
qmof-bceb11a,test,2.547799,92,1543,4454
qmof-03d81cc,train,2.453915,116,952,4455
qmof-9a1b21d,train,3.004614,130,1992,4456
qmof-435674b,train,0.953992,68,1192,4457
qmof-c0f392b,test,1.108064,102,1266,4458
qmof-94a67e3,train,0.116777,75,1511,4459
qmof-5195997,train,1.890279,96,1412,4460
qmof-13c119c,train,3.353419,128,1368,4461
qmof-b8acaeb,train,3.316568,130,2118,4462
qmof-b6f7af6,train,2.549019,176,2528,4463
qmof-050c8bc,test,2.833338,110,1766,4464
qmof-275272e,train,2.418986,158,1609,4465
qmof-260f300,train,1.911233,80,1104,4466
qmof-b4a7320,val,2.223051,66,1151,4467
qmof-642b86d,train,1.078346,60,919,4468
qmof-fd6b02c,train,3.12526,136,2242,4469
qmof-73f900e,train,0.575745,37,340,4470
qmof-a883af6,train,0.179149,77,1260,4471
qmof-ad34930,val,0.853921,84,1502,4472
qmof-5742e24,train,2.875328,76,922,4473
qmof-19e36ac,train,4.227487,128,2450,4474
qmof-928425c,test,2.863697,92,1296,4475
qmof-a4420e2,train,0.884257,144,2633,4476
qmof-b8f9fb5,val,0.724335,78,1276,4477
qmof-e102d07,val,0.251401,41,676,4478
qmof-50ceacd,test,2.852258,90,1523,4479
qmof-09a0de8,test,2.927295,116,1790,4480
qmof-096a6b8,train,1.939019,76,660,4481
qmof-6d3ca8c,train,5.080338,72,868,4482
qmof-cbde705,train,4.083518,88,1340,4483
qmof-270723c,train,2.584275,94,1559,4484
qmof-17ac010,test,2.094107,220,1512,4485
qmof-1f5abee,train,1.936496,186,2199,4486
qmof-ab789fc,train,4.176162,136,2564,4487
qmof-380313c,train,2.200754,210,2920,4488
qmof-ab4928e,val,1.804033,56,679,4489
qmof-8974c91,test,1.982566,240,1763,4490
qmof-9ef10eb,train,2.34732,132,1134,4491
qmof-48ec37d,test,0.863611,68,997,4492
qmof-9b6dfb6,test,0.847189,74,1182,4493
qmof-e9ef2f6,train,2.516204,53,903,4494
qmof-f8c9995,test,2.715179,88,1038,4495
qmof-308fadd,test,0.333304,102,1374,4496
qmof-c05a1d4,val,1.772891,108,1006,4497
qmof-5613eb5,train,2.748169,60,1060,4498
qmof-572f35a,val,2.183509,102,903,4499
qmof-e8046f4,train,2.986519,192,3138,4500
qmof-bb13a23,train,3.343167,138,2271,4501
qmof-ebddde8,train,2.86593,134,2348,4502
qmof-a8a3590,train,1.49376,144,2682,4503
qmof-dcf738c,val,0.798885,68,593,4504
qmof-ed9a745,test,0.968487,92,1689,4505
qmof-f803fa6,train,3.169029,136,2260,4506
qmof-5b4423d,train,0.931637,80,1515,4507
qmof-862167f,train,3.660492,120,2048,4508
qmof-7e3ab62,val,2.935136,77,996,4509
qmof-16a2c6d,val,2.44792,132,1452,4510
qmof-23cd4d0,val,2.959087,92,1529,4511
qmof-b711bf6,train,2.941747,112,1832,4512
qmof-89850df,test,3.357611,108,1744,4513
qmof-5c6eaa8,train,2.164181,182,1729,4514
qmof-e0fa875,train,2.486188,76,1058,4515
qmof-44c9442,train,0.822287,94,1589,4516
qmof-74b2b06,train,4.670309,82,1441,4517
qmof-35152b7,train,1.78823,146,2120,4518
qmof-e6d1b8e,val,3.290085,164,2336,4519
qmof-dc18524,train,2.567147,147,1205,4520
qmof-2b2d255,val,0.126121,36,516,4521
qmof-f681436,train,2.881393,86,687,4522
qmof-7b5e892,train,1.073703,57,1013,4523
qmof-272c907,test,1.077955,164,2164,4524
qmof-71b6144,val,0.874246,148,2252,4525
qmof-ba90abd,train,0.659645,62,636,4526
qmof-73a2a48,train,4.886559,92,1676,4527
qmof-90b97bc,train,0.829591,56,895,4528
qmof-1ed1341,train,1.699232,154,1046,4529
qmof-2f0e952,val,2.874481,171,2664,4530
qmof-5cbf12d,train,0.513576,66,1039,4531
qmof-c4bcebc,train,3.131951,436,6677,4532
qmof-49dab8b,train,1.516719,74,1089,4533
qmof-8159bc1,val,2.874853,156,2470,4534
qmof-8336dc4,train,2.768364,86,1383,4535
qmof-079672c,test,1.408031,100,861,4536
qmof-b54a192,train,0.752576,164,2880,4537
qmof-7bcba44,train,0.932637,82,1562,4538
qmof-ebaf62f,val,2.92983,78,1412,4539
qmof-981716b,val,2.302338,88,778,4540
qmof-51d44f0,train,3.278953,112,1948,4541
qmof-24a3cea,train,3.59809,32,301,4542
qmof-2f1b443,val,1.411943,56,894,4543
qmof-d86c15e,val,2.239407,66,1017,4544
qmof-50307ac,train,1.89105,76,1088,4545
qmof-9c01d44,train,2.26929,248,1867,4546
qmof-7cb0c4e,train,2.095576,62,530,4547
qmof-961ba99,val,2.331569,56,555,4548
qmof-c9af32c,train,3.498829,82,1265,4549
qmof-e94ef3c,val,3.264725,78,1356,4550
qmof-516e1ae,test,3.202426,65,956,4551
qmof-485839c,val,2.943906,104,1628,4552
qmof-0669f40,train,0.842291,58,944,4553
qmof-e2e748b,val,1.003191,128,2422,4554
qmof-d2ed0fc,train,0.640758,104,1732,4555
qmof-d856602,train,1.280584,171,1158,4556
qmof-206f428,train,1.754307,98,1002,4557
qmof-5d36d6c,val,0.613745,102,1540,4558
qmof-9259206,train,0.449993,260,2696,4559
qmof-028b150,train,0.699993,90,1633,4560
qmof-f5b881e,train,1.910966,76,694,4561
qmof-ba5d99e,train,4.35799,76,1300,4562
qmof-46b501d,train,0.873334,92,1186,4563
qmof-d675ae6,val,2.853705,306,3170,4564
qmof-6761fd3,test,0.696745,135,1295,4565
qmof-40bbb80,val,2.836163,72,1194,4566
qmof-9d9119c,train,3.146019,98,1764,4567
qmof-78eafd8,train,2.622313,212,1452,4568
qmof-9e88ad4,train,2.398914,102,1757,4569
qmof-ef7a4cd,train,0.913158,70,1244,4570
qmof-52acdcc,train,2.710999,62,656,4571
qmof-9753081,train,1.504124,62,981,4572
qmof-d238a9a,train,2.613883,192,2828,4573
qmof-f05d7d8,val,1.530254,148,2642,4574
qmof-10b84fb,train,0.914009,56,728,4575
qmof-92c3fea,train,2.35392,130,2452,4576
qmof-ba39404,train,4.345167,68,708,4577
qmof-4cff130,val,3.852888,84,1296,4578
qmof-438ca23,train,2.059941,101,1746,4579
qmof-215da5f,test,3.314774,71,1395,4580
qmof-531ae10,train,2.578929,34,432,4581
qmof-5de5775,train,3.329761,38,454,4582
qmof-0ec6421,train,0.398654,71,1145,4583
qmof-07d7fd6,train,1.789211,120,1898,4584
qmof-aa1f73a,train,1.370225,144,2151,4585
qmof-83d5543,val,0.608043,62,1132,4586
qmof-36dafb7,train,2.735439,104,1748,4587
qmof-745d85c,train,3.375462,76,1404,4588
qmof-e6edf20,train,2.794171,126,2353,4589
qmof-a5364ad,train,2.012466,92,1216,4590
qmof-fe80f7d,train,0.534163,208,3241,4591
qmof-cd994e3,train,0.512867,112,1003,4592
qmof-a382c1b,train,1.580309,100,899,4593
qmof-a5724e4,val,2.41849,96,1544,4594
qmof-029d2b0,train,1.220536,95,1039,4595
qmof-00a03b2,train,3.564215,210,3140,4596
qmof-91c371e,train,0.791962,150,2660,4597
qmof-9902b33,train,3.345646,84,1265,4598
qmof-7588d50,val,1.551522,165,1622,4599
qmof-66696cd,train,2.866162,340,3000,4600
qmof-0f95d50,train,0.373397,86,881,4601
qmof-f2c44d6,val,0.645008,100,1962,4602
qmof-1ca4551,test,1.620991,148,2657,4603
qmof-4dcea3e,test,1.602393,300,5454,4604
qmof-de95770,train,0.888261,78,1311,4605
qmof-7bc1e4e,test,3.358647,74,1209,4606
qmof-94d2396,train,2.723958,128,2144,4607
qmof-d108947,val,0.942604,51,960,4608
qmof-fd6d700,train,0.921153,70,1330,4609
qmof-3db4dff,val,2.149643,84,1362,4610
qmof-9bda469,test,0.673033,30,332,4611
qmof-a5c3c82,val,2.217628,144,2346,4612
qmof-a9ab2a6,train,0.822568,148,2144,4613
qmof-9c36ca3,test,3.145259,312,5068,4614
qmof-efc86e6,val,1.788437,74,1183,4615
qmof-17fd0ce,train,1.503468,40,555,4616
qmof-be63846,test,1.666443,220,2664,4617
qmof-12d3e65,train,0.796787,47,825,4618
qmof-c7465d6,test,4.152707,84,1088,4619
qmof-ac1dbd3,val,2.86388,28,266,4620
qmof-9c045d9,test,2.422437,156,1432,4621
qmof-f8a9674,train,2.648247,152,1539,4622
qmof-b90158f,test,2.956354,324,3846,4623
qmof-c98c976,train,0.830876,33,435,4624
qmof-514f310,train,2.770812,90,1258,4625
qmof-4c021c6,train,1.983345,144,1804,4626
qmof-2593fae,train,3.066494,54,691,4627
qmof-3d0d93c,train,2.171513,144,1700,4628
qmof-748e762,test,1.07831,234,2306,4629
qmof-1f5009f,train,0.845269,32,356,4630
qmof-06a2080,train,0.147239,160,2252,4631
qmof-f26e1fa,test,2.862672,144,2240,4632
qmof-e6b4f28,val,2.085413,44,622,4633
qmof-b02e343,train,2.964912,66,853,4634
qmof-4bbe9a9,train,0.446988,188,1731,4635
qmof-5724417,train,1.864261,178,1418,4636
qmof-b6e06d1,test,0.374604,92,1217,4637
qmof-ac9f387,test,2.250086,138,2538,4638
qmof-e2e5a46,train,2.912629,88,1236,4639
qmof-a67f501,val,3.453724,58,807,4640
qmof-3c52004,train,2.690909,248,3752,4641
qmof-00e335d,train,2.391484,124,1572,4642
qmof-6dfba5b,test,2.198143,178,3365,4643
qmof-4c69dae,train,0.524258,376,5616,4644
qmof-45d40cb,train,2.439388,96,1570,4645
qmof-aaf4daf,test,4.454873,42,558,4646
qmof-3c11d26,train,0.491014,50,685,4647
qmof-e651703,train,0.32068,180,1719,4648
qmof-628ac43,train,1.206355,100,906,4649
qmof-e6bee8a,train,0.49688,86,1432,4650
qmof-653a443,test,2.507125,150,2660,4651
qmof-f0e6617,train,1.813481,96,846,4652
qmof-ca052a2,train,2.640645,368,6252,4653
qmof-7ad6610,train,1.85961,114,1130,4654
qmof-8643335,test,3.910567,44,306,4655
qmof-535c7b9,train,1.969529,124,1766,4656
qmof-a72a815,test,3.127325,98,1704,4657
qmof-c113508,train,2.48939,86,1308,4658
qmof-27baed2,train,1.873625,84,745,4659
qmof-639db33,train,2.450051,134,2396,4660
qmof-73362fd,train,0.825948,100,1656,4661
qmof-3c5606f,test,3.809418,113,1906,4662
qmof-5e593df,train,0.40501,34,534,4663
qmof-0ceea80,test,3.025751,100,1100,4664
qmof-0aa539c,train,3.196678,56,702,4665
qmof-fd9d828,train,1.128087,68,821,4666
qmof-d62afed,train,3.067272,46,636,4667
qmof-55d1b21,train,2.965534,156,1983,4668
qmof-a7ea515,train,1.163626,82,1387,4669
qmof-c06322b,train,3.607388,110,1990,4670
qmof-2a2a9c6,train,0.372351,78,1552,4671
qmof-0ccd82d,train,0.972028,100,962,4672
qmof-2223d2b,train,2.373858,124,1024,4673
qmof-c59df0d,train,1.599043,102,830,4674
qmof-d1097c8,train,2.464638,170,1644,4675
qmof-f43fd4a,train,0.139952,49,902,4676
qmof-b94a663,train,3.371727,132,2471,4677
qmof-826d4fe,train,1.310462,368,5580,4678
qmof-7e0b219,train,4.31574,64,914,4679
qmof-212a59c,train,2.881854,83,1260,4680
qmof-ed57492,train,4.338583,72,1208,4681
qmof-3f26b0e,train,3.202664,130,1185,4682
qmof-7501cda,train,2.781889,66,632,4683
qmof-f20b4d7,train,3.426328,64,642,4684
qmof-b75066b,train,2.304087,88,1520,4685
qmof-01738d5,train,3.10118,168,2598,4686
qmof-f3c86fd,train,1.513072,98,1794,4687
qmof-5ba77d8,train,2.230984,106,1425,4688
qmof-91b0817,test,2.296403,404,5146,4689
qmof-9ee6b62,test,2.595363,66,1033,4690
qmof-043fa31,train,1.16109,164,2352,4691
qmof-5a40d68,train,2.847127,50,835,4692
qmof-2f4f5e2,test,0.475869,164,2817,4693
qmof-c42d864,train,2.094686,100,1643,4694
qmof-ba95831,val,0.882994,50,817,4695
qmof-e7b6156,train,1.17651,27,247,4696
qmof-bd837da,train,0.773699,39,664,4697
qmof-b0f0d29,train,2.055316,150,1388,4698
qmof-36c3a85,train,2.843197,126,2112,4699
qmof-a3d97dc,train,3.156177,47,709,4700
qmof-9504408,train,2.201635,200,3371,4701
qmof-9fd01d7,val,1.014418,178,1592,4702
qmof-acee021,val,2.833696,110,2118,4703
qmof-75c3227,train,0.508965,132,1188,4704
qmof-deea64a,test,2.440321,114,1130,4705
qmof-0e9f38c,train,1.698449,61,606,4706
qmof-b1ab823,train,2.236004,142,1255,4707
qmof-37c4e53,train,2.152075,148,2148,4708
qmof-67dd975,train,0.858051,138,2514,4709
qmof-7aa6be5,val,0.343276,44,486,4710
qmof-26e476a,train,0.793786,115,1436,4711
qmof-6f21a6f,train,2.900837,90,1346,4712
qmof-e2be686,val,2.309834,180,1485,4713
qmof-6b00943,train,2.473994,298,4974,4714
qmof-f3823e0,train,1.682917,198,2428,4715
qmof-c493de2,train,2.665175,80,1372,4716
qmof-679bb6b,val,2.547593,68,924,4717
qmof-9fa0d98,train,1.209501,68,1012,4718
qmof-fd1d516,train,2.085339,136,2268,4719
qmof-71a4d07,train,2.439907,42,513,4720
qmof-ce3c507,val,0.672019,58,952,4721
qmof-71d890d,test,1.155133,324,3572,4722
qmof-6b8897f,train,2.635203,72,1326,4723
qmof-b7415d0,train,2.220814,59,672,4724
qmof-5ba9b76,train,3.002882,96,1665,4725
qmof-432b63a,train,2.719865,102,1709,4726
qmof-df7adc6,train,2.308284,192,3396,4727
qmof-b847004,train,2.025754,136,2223,4728
qmof-5817741,train,0.71028,87,1311,4729
qmof-efc274d,train,3.362835,132,1442,4730
qmof-05b4924,train,0.838949,82,1472,4731
qmof-64386ed,train,0.080785,228,3972,4732
qmof-8ca775a,val,2.802911,132,2393,4733
qmof-b77a192,train,0.255635,304,4796,4734
qmof-330afd4,train,3.12805,126,1540,4735
qmof-8f052bd,train,3.363472,80,1368,4736
qmof-4484e42,train,3.201065,70,776,4737
qmof-e92984e,test,3.379213,102,1970,4738
qmof-3c4af4a,train,1.923029,62,590,4739
qmof-878fcc2,train,0.944006,154,1478,4740
qmof-4e55d23,train,4.31884,78,1664,4741
qmof-ca43af8,train,2.624811,100,1630,4742
qmof-7e9e6a5,train,0.446713,98,1436,4743
qmof-b8f1825,train,1.244454,110,1147,4744
qmof-efa5596,train,1.992268,208,3046,4745
qmof-9417e42,val,2.296576,232,3828,4746
qmof-8d9e0fb,train,0.000131,304,5230,4747
qmof-3998694,train,0.843784,56,824,4748
qmof-6ae3b12,val,2.166337,38,396,4749
qmof-f61c02a,train,1.074074,42,504,4750
qmof-26d6869,train,0.903902,90,1583,4751
qmof-554f103,train,2.932916,62,878,4752
qmof-3ad0212,train,1.996118,100,1524,4753
qmof-355deb1,train,3.073441,138,2408,4754
qmof-983bf79,train,2.72715,59,760,4755
qmof-af43c12,train,0.692188,51,651,4756
qmof-314b33f,train,1.521253,112,1476,4757
qmof-fdef13d,test,2.291134,116,2000,4758
qmof-4321050,train,2.167796,222,3373,4759
qmof-cc10ecd,train,1.992979,68,722,4760
qmof-45e3743,train,3.681706,84,1166,4761
qmof-783f7b2,train,4.141402,88,1378,4762
qmof-40899bb,train,4.56371,50,597,4763
qmof-881eff2,train,1.394996,62,822,4764
qmof-f0fd7ea,train,0.496079,140,2177,4765
qmof-d513970,test,0.988855,47,811,4766
qmof-3b83143,train,3.410298,252,3760,4767
qmof-4063c99,train,2.456067,120,2092,4768
qmof-a4fe582,val,2.585318,72,1302,4769
qmof-1df753f,train,0.792182,105,1994,4770
qmof-d17a645,val,0.891586,296,3528,4771
qmof-1c6ad32,train,3.249048,124,2116,4772
qmof-1b305ca,val,4.18411,114,1817,4773
qmof-3eeeed6,val,2.588198,222,2826,4774
qmof-6e0c71a,test,2.973877,88,1484,4775
qmof-09376af,train,3.020388,140,1520,4776
qmof-572b289,train,3.295197,188,2352,4777
qmof-7f7d040,train,2.558126,94,1691,4778
qmof-e24ce4f,train,2.806377,108,1846,4779
qmof-4e41fb5,train,3.171245,80,1509,4780
qmof-aaacbaa,train,2.046509,166,1386,4781
qmof-62629c7,train,0.702855,172,2792,4782
qmof-ac61250,train,1.880207,66,613,4783
qmof-508fdd0,train,1.078075,130,1167,4784
qmof-3172fe0,train,1.140334,262,5124,4785
qmof-4a4cead,test,2.061191,54,844,4786
qmof-d2b80ff,val,1.229911,64,662,4787
qmof-eb59e39,test,2.343952,108,2268,4788
qmof-c490467,train,0.686251,34,484,4789
qmof-772af30,train,1.700122,26,238,4790
qmof-94a3110,test,0.218556,78,1158,4791
qmof-01f57a2,train,0.173218,68,1052,4792
qmof-6460ca3,train,0.420651,64,1034,4793
qmof-1507a40,train,0.949113,48,334,4794
qmof-0ee370f,train,2.752746,37,496,4795
qmof-2d80bfd,train,0.888038,101,1863,4796
qmof-a8b8a3c,train,0.581871,120,2185,4797
qmof-71f1dac,train,3.346491,88,1525,4798
qmof-36637a2,train,2.480735,52,524,4799
qmof-8c2860b,test,0.919324,82,1364,4800
qmof-0d33b0c,train,1.098836,88,910,4801
qmof-c8a1e89,test,0.733253,116,1633,4802
qmof-c628210,val,3.474148,54,964,4803
qmof-fa84185,train,0.625042,64,1042,4804
qmof-abdc322,train,2.139318,64,536,4805
qmof-76127a9,train,2.664528,140,1240,4806
qmof-71094de,train,1.666359,52,474,4807
qmof-1d6c648,train,1.85386,94,1217,4808
qmof-7972915,train,0.528883,106,2020,4809
qmof-0869724,train,1.483153,184,3196,4810
qmof-32c2447,val,3.912451,70,1290,4811
qmof-7af11ed,train,2.221445,68,550,4812
qmof-0505344,train,1.292418,98,1601,4813
qmof-87bc560,train,2.912101,260,3573,4814
qmof-7d4712b,train,0.587729,97,1541,4815
qmof-080c4dc,train,4.665208,88,1360,4816
qmof-5dcd85d,train,2.49319,198,2934,4817
qmof-1766203,train,1.402245,61,923,4818
qmof-86e7693,train,3.891167,232,4186,4819
qmof-4a96ec6,train,2.113403,178,1651,4820
qmof-761ed66,train,0.963632,56,563,4821
qmof-16dd495,test,0.954277,73,1276,4822
qmof-9ae450b,test,2.614746,408,7008,4823
qmof-918c8d1,train,0.731011,78,1452,4824
qmof-6f5eeb5,test,1.123579,140,2342,4825
qmof-775dcac,train,2.858399,116,1676,4826
qmof-cf2c9b6,train,2.483464,156,1756,4827
qmof-954c057,test,0.887598,100,1638,4828
qmof-5adffdd,train,2.601612,53,417,4829
qmof-b9019be,train,1.947628,35,436,4830
qmof-5a2aa24,train,2.759563,80,886,4831
qmof-19ccc4f,train,4.65466,112,1592,4832
qmof-ab54701,train,0.975136,60,917,4833
qmof-0a24ace,val,2.104803,72,1044,4834
qmof-fe63fce,test,1.403252,148,2546,4835
qmof-deb66d6,train,1.782059,219,2866,4836
qmof-70a6a84,train,0.23702,179,2880,4837
qmof-1a74b10,val,1.474341,138,1422,4838
qmof-6f77b06,test,1.153416,56,890,4839
qmof-ba6a246,train,3.459509,124,2342,4840
qmof-5684c2b,train,2.661818,88,1361,4841
qmof-20d2f37,train,4.113112,64,872,4842
qmof-ae9caec,train,1.487427,138,1194,4843
qmof-b1a98b4,train,1.19933,64,912,4844
qmof-b5e97c0,train,4.688395,58,916,4845
qmof-d44d9b1,train,3.325353,72,1176,4846
qmof-2f2b6f8,train,4.810807,100,1758,4847
qmof-0bf120c,train,1.095591,109,2009,4848
qmof-6dd300b,train,1.868193,52,672,4849
qmof-ea6eb95,train,2.704252,47,517,4850
qmof-b273f3b,train,2.841846,88,1523,4851
qmof-d1a13c7,train,2.098314,60,880,4852
qmof-fc68b48,train,1.677789,50,438,4853
qmof-5f57dd4,train,2.525745,145,2720,4854
qmof-2bd5e0f,train,0.30021,372,3426,4855
qmof-ea6915e,train,2.896603,172,2306,4856
qmof-7a8c7c6,train,1.956281,372,6712,4857
qmof-95de84b,train,2.695292,244,2623,4858
qmof-1279fa4,test,3.530697,112,2280,4859
qmof-6a29cfc,train,1.64676,132,1644,4860
qmof-14cbe50,train,2.805557,118,1967,4861
qmof-eeec9eb,train,3.447431,24,255,4862
qmof-52796c9,val,3.280668,76,1283,4863
qmof-bae5675,val,2.860202,164,1256,4864
qmof-1d99f5f,val,0.371185,84,1622,4865
qmof-c530710,train,0.88925,50,930,4866
qmof-104e204,train,1.614878,174,1794,4867
qmof-755582e,train,1.119094,94,1646,4868
qmof-9f84980,train,3.642591,80,1246,4869
qmof-089a220,train,2.581745,94,1348,4870
qmof-0743acf,train,0.976354,144,1361,4871
qmof-2384a20,test,3.016789,208,2500,4872
qmof-850be7b,train,2.908341,140,2184,4873
qmof-fbd4fed,train,1.624103,102,1754,4874
qmof-1d2e262,val,0.377241,50,858,4875
qmof-f5a08c4,train,0.831977,54,689,4876
qmof-a4946ba,train,2.713711,122,2303,4877
qmof-361c645,val,1.621935,146,2487,4878
qmof-09cb905,val,0.825494,162,1891,4879
qmof-fdcea31,train,2.974084,144,2516,4880
qmof-98a7b30,val,2.11119,106,1845,4881
qmof-f91eaa7,train,2.110685,134,2416,4882
qmof-9e7a580,test,0.885253,276,4601,4883
qmof-1789c58,test,2.199927,65,982,4884
qmof-3663888,test,3.089299,266,4473,4885
qmof-2b581ba,train,1.53452,112,2076,4886
qmof-3926452,train,0.83317,196,1856,4887
qmof-198e8dc,train,5.03848,80,1522,4888
qmof-ac050b9,val,3.211847,75,1365,4889
qmof-4e32c46,val,1.483387,91,1522,4890
qmof-e13923f,train,3.277159,67,1176,4891
qmof-95bf190,train,2.345952,66,1060,4892
qmof-d57ce36,test,2.224718,62,979,4893
qmof-d1cceaa,test,2.472673,190,1502,4894
qmof-0990647,train,2.24358,56,676,4895
qmof-dfceca3,train,3.011674,384,4544,4896
qmof-a36b34a,val,1.544054,88,723,4897
qmof-1c152b7,test,0.61265,49,926,4898
qmof-e1e57f0,val,4.297102,32,366,4899
qmof-981de6a,train,2.463225,80,1028,4900
qmof-dff191b,train,2.634501,82,1260,4901
qmof-f9350da,train,3.073315,83,1206,4902
qmof-d7b34d4,train,1.547533,156,1758,4903
qmof-ef3c6e0,train,4.108962,50,698,4904
qmof-170efc8,train,1.081926,104,1537,4905
qmof-670fdd3,train,0.932682,90,891,4906
qmof-2d1b778,train,1.000942,82,1291,4907
qmof-47e07dd,train,0.748077,92,1336,4908
qmof-1b71fff,test,3.660507,86,1308,4909
qmof-bbb2769,train,2.016262,104,1649,4910
qmof-88f4e11,train,2.423888,74,1034,4911
qmof-01f1640,test,0.316142,66,980,4912
qmof-f8dd6bc,train,2.330883,144,2500,4913
qmof-c312b02,train,0.924403,68,1328,4914
qmof-4e884d7,train,1.084567,120,1450,4915
qmof-9694e67,train,2.971616,68,910,4916
qmof-1fb5c1d,train,4.688669,96,1548,4917
qmof-c70e8ee,train,1.947331,122,2000,4918
qmof-0cfa193,train,2.943015,108,1324,4919
qmof-c00f8d0,train,2.983688,68,852,4920
qmof-dbb4b69,train,0.074421,88,1216,4921
qmof-edbbc16,val,2.963914,390,5762,4922
qmof-7eaf2a6,train,2.887568,74,1217,4923
qmof-c590924,train,3.0978,60,970,4924
qmof-f94a1c4,train,2.769988,42,649,4925
qmof-dbdcf23,train,3.455768,120,2090,4926
qmof-2d72808,val,3.425672,52,786,4927
qmof-a7b5390,test,4.268177,37,516,4928
qmof-3fd032f,train,0.300828,132,1896,4929
qmof-0ca8b3d,train,1.153348,78,1258,4930
qmof-d72a836,test,0.593357,94,1341,4931
qmof-c4d5761,train,2.699238,72,1259,4932
qmof-3029056,train,2.774028,90,1614,4933
qmof-a5c195a,train,0.145997,105,1821,4934
qmof-40b4fc7,train,1.926163,280,3122,4935
qmof-6876edb,train,2.660181,226,2112,4936
qmof-e7919bd,val,2.535329,260,4225,4937
qmof-f870b76,train,2.979646,52,662,4938
qmof-2740f8b,train,2.921865,78,1456,4939
qmof-8883bc6,val,0.450494,88,1624,4940
qmof-56dbe2b,train,1.692846,156,1428,4941
qmof-1eaffa4,train,4.622743,70,1112,4942
qmof-5ddf0cb,val,0.305404,146,2661,4943
qmof-c41e9e1,train,1.876938,148,1642,4944
qmof-d8f2c2d,val,2.845633,62,914,4945
qmof-6204da9,train,1.250664,169,2726,4946
qmof-1940038,train,2.095434,110,963,4947
qmof-a04cf5a,train,4.544959,68,824,4948
qmof-7c2e712,train,0.709291,104,1540,4949
qmof-7003032,train,3.15116,72,1116,4950
qmof-c947dd6,val,4.026787,76,954,4951
qmof-9bb222f,train,0.424714,180,2998,4952
qmof-7983067,val,2.964207,84,1336,4953
qmof-ed02e1b,test,0.255227,130,1892,4954
qmof-4637532,val,3.734001,68,1094,4955
qmof-d8ccb16,train,2.413288,216,2676,4956
qmof-6a0abd0,train,2.782539,100,1858,4957
qmof-bdcee29,train,0.866174,76,1254,4958
qmof-203b252,train,3.313294,88,1363,4959
qmof-5edf8d7,val,1.060484,58,981,4960
qmof-26b963b,train,1.71017,82,1530,4961
qmof-65d1b27,train,1.94266,80,1006,4962
qmof-fbe14b0,train,0.961727,210,2126,4963
qmof-975d128,test,2.911836,44,412,4964
qmof-0908118,train,1.535017,128,1701,4965
qmof-eb2ec97,test,1.583197,154,1022,4966
qmof-02cdf5a,test,4.676486,76,1596,4967
qmof-e7748f7,val,3.039335,74,1286,4968
qmof-964b2ed,train,2.101122,78,1233,4969
qmof-a44e9a8,test,4.577269,52,762,4970
qmof-cb3abbe,train,0.91058,172,2766,4971
qmof-e8abe31,train,1.728877,61,1241,4972
qmof-91c48af,train,1.961542,140,2455,4973
qmof-4b067b3,train,1.679107,62,691,4974
qmof-3abfd72,val,1.222253,162,2080,4975
qmof-cdb4849,train,1.981708,68,1093,4976
qmof-26d7235,test,3.800702,78,1206,4977
qmof-a653a76,train,1.02244,90,1612,4978
qmof-7953340,train,1.074039,116,1391,4979
qmof-0dd2a81,test,4.535444,100,1722,4980
qmof-38de43e,val,1.897927,140,2209,4981
qmof-cfc442e,test,0.926937,134,2450,4982
qmof-9b4f999,train,0.539101,42,556,4983
qmof-dab2758,test,2.420949,150,2495,4984
qmof-f7be576,train,0.312465,119,1912,4985
qmof-c777fbc,train,1.774535,73,1069,4986
qmof-2e18852,train,0.837225,85,1676,4987
qmof-ef7ab80,train,2.122437,116,1892,4988
qmof-52e8f8a,train,1.812051,80,1246,4989
qmof-f23f12a,test,3.668988,128,1782,4990
qmof-e93811c,train,2.223744,244,1749,4991
qmof-5ec1870,train,1.768133,198,2032,4992
qmof-349c5f1,train,1.582612,88,755,4993
qmof-6b4d8f7,val,1.975672,102,2055,4994
qmof-a5ad549,train,2.489448,111,2104,4995
qmof-4e450ae,train,1.630465,56,570,4996
qmof-1f8e39f,test,0.464051,78,1569,4997
qmof-4c0ef7e,train,4.681673,112,2078,4998
qmof-4a015d8,train,1.567361,124,1217,4999
